<favourites>
	<favourite name="America Television (Peru)" thumb="http://portal.iptvprivateserver.tv/stalker_portal/misc/logos/320/1157.png">PlayMedia(&quot;plugin://plugin.video.iptvtelpro/?tmp=0&amp;genre_name=%5B%27All%27%5D&amp;title=Peru+1&amp;cmd=ffrt2+http%3A%2F%2Fooyalahd2-f.akamaihd.net%2Fi%2Fatv02_delivery%4025405%2Findex_564_av-p.m3u8&amp;portal=%7B%22name%22%3A+%22NFPS%22%2C+%22parental%22%3A+%22%22%2C+%22url%22%3A+%22http%3A%2F%2Fportal.iptvprivateserver.tv%22%2C+%22mac%22%3A+%2200%3A1A%3A79%3A12%3A34%3A59%22%2C+%22serial%22%3A+%7B%22custom%22%3A+false%7D%2C+%22password%22%3A+%22%22%7D&amp;mode=play&amp;logo_url=http%3A%2F%2Fportal.iptvprivateserver.tv%2Fstalker_portal%2Fmisc%2Flogos%2F320%2F1157.png&amp;sf_options=winID%3D10025%26_options_sf&quot;)</favourite>
	<favourite name="Sol TV (Peru)" thumb="http://portal.iptvprivateserver.tv/stalker_portal/misc/logos/320/1159.png">PlayMedia(&quot;plugin://plugin.video.iptvtelpro/?tmp=0&amp;genre_name=%5B%27All%27%5D&amp;title=Peru+2&amp;cmd=ffrt2+http%3A%2F%2Flive.soltvperu.com%3A1935%2Fsoltv%2Fsoltv%2Fplaylist.m3u8&amp;portal=%7B%22name%22%3A+%22NFPS%22%2C+%22parental%22%3A+%22%22%2C+%22url%22%3A+%22http%3A%2F%2Fportal.iptvprivateserver.tv%22%2C+%22mac%22%3A+%2200%3A1A%3A79%3A12%3A34%3A59%22%2C+%22serial%22%3A+%7B%22custom%22%3A+false%7D%2C+%22password%22%3A+%22%22%7D&amp;mode=play&amp;logo_url=http%3A%2F%2Fportal.iptvprivateserver.tv%2Fstalker_portal%2Fmisc%2Flogos%2F320%2F1159.png&amp;sf_options=winID%3D10025%26_options_sf&quot;)</favourite>
	<favourite name="UCV Satelital (Peru)" thumb="http://portal.iptvprivateserver.tv/stalker_portal/misc/logos/320/1247.png">PlayMedia(&quot;plugin://plugin.video.iptvtelpro/?tmp=0&amp;genre_name=%5B%27All%27%5D&amp;title=Peru+5&amp;cmd=http%3A%2F%2Fwowzacontrol.net%3A1935%2F8050%2F8050%2Fplaylist.m3u8&amp;portal=%7B%22name%22%3A+%22NFPS%22%2C+%22parental%22%3A+%22%22%2C+%22url%22%3A+%22http%3A%2F%2Fportal.iptvprivateserver.tv%22%2C+%22mac%22%3A+%2200%3A1A%3A79%3A12%3A34%3A59%22%2C+%22serial%22%3A+%7B%22custom%22%3A+false%7D%2C+%22password%22%3A+%22%22%7D&amp;mode=play&amp;logo_url=http%3A%2F%2Fportal.iptvprivateserver.tv%2Fstalker_portal%2Fmisc%2Flogos%2F320%2F1247.png&amp;sf_options=winID%3D10025%26_options_sf&quot;)</favourite>
	<favourite name="Rbc Satelital (Peru)" thumb="http://portal.iptvprivateserver.tv/stalker_portal/misc/logos/320/1505.png">PlayMedia(&quot;plugin://plugin.video.iptvtelpro/?tmp=0&amp;genre_name=%5B%27All%27%5D&amp;title=Peru+7&amp;cmd=ffrt2+http%3A%2F%2F184.154.28.210%3A1935%2Frbcsatelital-hd%2Frbcsatelital-hd%2Fplaylist.m3u8&amp;portal=%7B%22name%22%3A+%22NFPS%22%2C+%22parental%22%3A+%22%22%2C+%22url%22%3A+%22http%3A%2F%2Fportal.iptvprivateserver.tv%22%2C+%22mac%22%3A+%2200%3A1A%3A79%3A12%3A34%3A59%22%2C+%22serial%22%3A+%7B%22custom%22%3A+false%7D%2C+%22password%22%3A+%22%22%7D&amp;mode=play&amp;logo_url=http%3A%2F%2Fportal.iptvprivateserver.tv%2Fstalker_portal%2Fmisc%2Flogos%2F320%2F1505.png&amp;sf_options=winID%3D10025%26_options_sf&quot;)</favourite>
	<favourite name="ATV (Peru)" thumb="http://portal.iptvprivateserver.tv/stalker_portal/misc/logos/320/1249.png">PlayMedia(&quot;plugin://plugin.video.iptvtelpro/?tmp=0&amp;genre_name=%5B%27All%27%5D&amp;title=Peru+6&amp;cmd=http%3A%2F%2Fedge-31-us.edge.mdstrm.com%2Flive%2Fsmil%3Ac23b8a0a21d215482b4c2703e47f675a%2Fplaylist.m3u8&amp;portal=%7B%22name%22%3A+%22NFPS%22%2C+%22parental%22%3A+%22%22%2C+%22url%22%3A+%22http%3A%2F%2Fportal.iptvprivateserver.tv%22%2C+%22mac%22%3A+%2200%3A1A%3A79%3A12%3A34%3A59%22%2C+%22serial%22%3A+%7B%22custom%22%3A+false%7D%2C+%22password%22%3A+%22%22%7D&amp;mode=play&amp;logo_url=http%3A%2F%2Fportal.iptvprivateserver.tv%2Fstalker_portal%2Fmisc%2Flogos%2F320%2F1249.png&amp;sf_options=winID%3D10025%26_options_sf&quot;)</favourite>
	<favourite name="Tv Peru (Peru)" thumb="http://portal.iptvprivateserver.tv/stalker_portal/misc/logos/320/1652.png">PlayMedia(&quot;plugin://plugin.video.iptvtelpro/?tmp=0&amp;genre_name=%5B%27All%27%5D&amp;title=Peru+10&amp;cmd=http%3A%2F%2Fiphone-streaming.ustream.tv%2Fuhls%2F17419715%2Fstreams%2Flive%2Fiphone%2Fplaylist.m3u8&amp;portal=%7B%22name%22%3A+%22NFPS%22%2C+%22parental%22%3A+%22%22%2C+%22url%22%3A+%22http%3A%2F%2Fportal.iptvprivateserver.tv%22%2C+%22mac%22%3A+%2200%3A1A%3A79%3A12%3A34%3A59%22%2C+%22serial%22%3A+%7B%22custom%22%3A+false%7D%2C+%22password%22%3A+%22%22%7D&amp;mode=play&amp;logo_url=http%3A%2F%2Fportal.iptvprivateserver.tv%2Fstalker_portal%2Fmisc%2Flogos%2F320%2F1652.png&amp;sf_options=winID%3D10025%26_options_sf&quot;)</favourite>
	<favourite name="Frecuencia Latina (Peru)" thumb="http://4.bp.blogspot.com/-mPa9KA6faKc/URbZdvLw_6I/AAAAAAAADAA/jQNKzUdvHag/s1600/logofrecu.jpg">PlayMedia(&quot;plugin://plugin.video.adryanlist/?url=rtmp%3A%2F%2Fflatina1livefs.fplive.net%2F+app%3Dflatina1live-live+playpath%3Dstream1+swfUrl%3Dhttp%3A%2F%2Fsource.netandino.com%2Ftheme%2Fplayer.swf+live%3Dtrue+timeout%3D15+pageUrl%3Dhttp%3A%2F%2Fwww.tele-on.com%2F2014%2F04%2Ffrecuencia.html&amp;mode=12&amp;sf_options=winID%3D10025%26_options_sf&quot;)</favourite>
</favourites>