<?xml version="1.0" encoding="UTF-8" standalone="yes"?>
<addon id="plugin.video.stealthpro" name="IPTV Stealth Pro" version="1.2.0" provider-name="OBSEQUIO DEL STAFF CHICAGO TEAM">
  <requires>
    <import addon="script.module.simplejson" version="3.3.0"/>
    <import addon="xbmc.python" version="2.1.0"/>
    <import addon="script.module.t0mm0.common" version="2.0.0"/>
    <import addon="plugin.video.youtube" version="3.0.0"/>
    <import addon="script.module.urlresolver"  version="2.1.2"/>
    <import addon="script.common.plugin.cache" version="2.5.2"/>
    <import addon="script.module.metahandler" version="2.5.1"/>
  </requires>
  <extension point="xbmc.python.pluginsource" library="default.py">
        <provides>video</provides>
  </extension>
  <extension point="xbmc.addon.metadata">
    <summary lang="en">Live Tv. HD Movies. Catch Up TV plus More</summary>
    <description lang="en">Welcome to IPTV Stealth PRO. Adult content  y premium pass chicagoteam  NO TE DEJES ENGAÑAR TODO ESTA GRATIS EN INTERNET, NUNCA DONES NI PARA UN CAFE, ADRYAN ES UNA RATA IGUAL QUE ESTE TIPO @ HTTP://PAYPAL.ME/COOKIEBOY
	
	
	ANTES DE EJECUTAR EL ADDON IR A CONFIGURACION Y DAR CLICK EN DEFAULT Y ACEPTAR. EJECUTAR EL ADDON Y CLICK EN CHICAGO TEAM, DESPUES DAR CLICK EN ALL HASTA QUE PERMITA ENTRAR.
	EL EQUIPO DE CHICAGO TEAM DICE NO A LAS DONACIONES, NO A LOS CAFES, NO A LOS SERVER CAIDOS Y NUNCA TE PEDIRA DINERO. QUE LO DISFRUTES TU Y TU FAMILIA. </description>
    <platform>all</platform>
  </extension>
</addon>
