﻿<favourites>
	<favourite name="Az Mundo" thumb="http://portal.iptvprivateserver.tv/stalker_portal/misc/logos/320/1101.png">PlayMedia(&quot;plugin://plugin.video.iptvtelpro/?tmp=1&amp;genre_name=%5B%27All%27%5D&amp;title=Az+Mundo&amp;cmd=ffrt2+http%3A%2F%2Flocalhost%2Fch%2F1999&amp;portal=%7B%22name%22%3A+%22NFPS%22%2C+%22parental%22%3A+%22%22%2C+%22url%22%3A+%22http%3A%2F%2Fportal.iptvprivateserver.tv%22%2C+%22mac%22%3A+%2200%3A1A%3A78%3A12%3A34%3A79%22%2C+%22serial%22%3A+%7B%22custom%22%3A+false%7D%2C+%22password%22%3A+%22%22%7D&amp;mode=play&amp;logo_url=http%3A%2F%2Fportal.iptvprivateserver.tv%2Fstalker_portal%2Fmisc%2Flogos%2F320%2F1101.png&amp;sf_options=winID%3D10025%26_options_sf&quot;)</favourite>
	<favourite name="Canal De Las Estrellas" thumb="http://portal.iptvprivateserver.tv/stalker_portal/misc/logos/320/633.png">PlayMedia(&quot;plugin://plugin.video.iptvtelpro/?tmp=1&amp;genre_name=%5B%27All%27%5D&amp;title=Canal+De+Las+Estrellas&amp;cmd=ffrt2+http%3A%2F%2Flocalhost%2Fch%2F6354&amp;portal=%7B%22name%22%3A+%22NFPS%22%2C+%22parental%22%3A+%22%22%2C+%22url%22%3A+%22http%3A%2F%2Fportal.iptvprivateserver.tv%22%2C+%22mac%22%3A+%2200%3A1A%3A78%3A12%3A34%3A79%22%2C+%22serial%22%3A+%7B%22custom%22%3A+false%7D%2C+%22password%22%3A+%22%22%7D&amp;mode=play&amp;logo_url=http%3A%2F%2Fportal.iptvprivateserver.tv%2Fstalker_portal%2Fmisc%2Flogos%2F320%2F633.png&amp;sf_options=winID%3D10025%26_options_sf&quot;)</favourite>
	<favourite name="Univision" thumb="http://portal.iptvprivateserver.tv/stalker_portal/misc/logos/320/98.png">PlayMedia(&quot;plugin://plugin.video.iptvtelpro/?tmp=1&amp;genre_name=%5B%27All%27%5D&amp;title=Univision&amp;cmd=ffrt2+http%3A%2F%2Flocalhost%2Fch%2F6299&amp;portal=%7B%22name%22%3A+%22NFPS%22%2C+%22parental%22%3A+%22%22%2C+%22url%22%3A+%22http%3A%2F%2Fportal.iptvprivateserver.tv%22%2C+%22mac%22%3A+%2200%3A1A%3A78%3A12%3A34%3A79%22%2C+%22serial%22%3A+%7B%22custom%22%3A+false%7D%2C+%22password%22%3A+%22%22%7D&amp;mode=play&amp;logo_url=http%3A%2F%2Fportal.iptvprivateserver.tv%2Fstalker_portal%2Fmisc%2Flogos%2F320%2F98.png&amp;sf_options=winID%3D10025%26_options_sf&quot;)</favourite>
	<favourite name="UniMas" thumb="http://portal.iptvprivateserver.tv/stalker_portal/misc/logos/320/88.png">PlayMedia(&quot;plugin://plugin.video.iptvtelpro/?tmp=1&amp;genre_name=%5B%27All%27%5D&amp;title=UniMas&amp;cmd=ffrt2+http%3A%2F%2Flocalhost%2Fch%2F3602&amp;portal=%7B%22name%22%3A+%22NFPS%22%2C+%22parental%22%3A+%22%22%2C+%22url%22%3A+%22http%3A%2F%2Fportal.iptvprivateserver.tv%22%2C+%22mac%22%3A+%2200%3A1A%3A78%3A12%3A34%3A79%22%2C+%22serial%22%3A+%7B%22custom%22%3A+false%7D%2C+%22password%22%3A+%22%22%7D&amp;mode=play&amp;logo_url=http%3A%2F%2Fportal.iptvprivateserver.tv%2Fstalker_portal%2Fmisc%2Flogos%2F320%2F88.png&amp;sf_options=winID%3D10025%26_options_sf&quot;)</favourite>
	<favourite name="Caracol Internacional" thumb="http://portal.iptvprivateserver.tv/stalker_portal/misc/logos/320/1119.png">PlayMedia(&quot;plugin://plugin.video.iptvtelpro/?tmp=1&amp;genre_name=%5B%27All%27%5D&amp;title=Caracol+Internacional&amp;cmd=ffrt2+http%3A%2F%2Flocalhost%2Fch%2F2051&amp;portal=%7B%22name%22%3A+%22NFPS%22%2C+%22parental%22%3A+%22%22%2C+%22url%22%3A+%22http%3A%2F%2Fportal.iptvprivateserver.tv%22%2C+%22mac%22%3A+%2200%3A1A%3A78%3A12%3A34%3A79%22%2C+%22serial%22%3A+%7B%22custom%22%3A+false%7D%2C+%22password%22%3A+%22%22%7D&amp;mode=play&amp;logo_url=http%3A%2F%2Fportal.iptvprivateserver.tv%2Fstalker_portal%2Fmisc%2Flogos%2F320%2F1119.png&amp;sf_options=winID%3D10025%26_options_sf&quot;)</favourite>
	<favourite name="Teletica" thumb="http://portal.iptvprivateserver.tv/stalker_portal/misc/logos/320/1802.png">PlayMedia(&quot;plugin://plugin.video.iptvtelpro/?tmp=1&amp;genre_name=%5B%27All%27%5D&amp;title=Teletica&amp;cmd=ffrt2+http%3A%2F%2Flocalhost%2Fch%2F4817&amp;portal=%7B%22name%22%3A+%22NFPS%22%2C+%22parental%22%3A+%22%22%2C+%22url%22%3A+%22http%3A%2F%2Fportal.iptvprivateserver.tv%22%2C+%22mac%22%3A+%2200%3A1A%3A78%3A12%3A34%3A79%22%2C+%22serial%22%3A+%7B%22custom%22%3A+false%7D%2C+%22password%22%3A+%22%22%7D&amp;mode=play&amp;logo_url=http%3A%2F%2Fportal.iptvprivateserver.tv%2Fstalker_portal%2Fmisc%2Flogos%2F320%2F1802.png&amp;sf_options=winID%3D10025%26_options_sf&quot;)</favourite>
	<favourite name="NBC Universo" thumb="http://portal.iptvprivateserver.tv/stalker_portal/misc/logos/320/1805.png">PlayMedia(&quot;plugin://plugin.video.iptvtelpro/?tmp=1&amp;genre_name=%5B%27All%27%5D&amp;title=NBC+Universo&amp;cmd=ffrt2+http%3A%2F%2Flocalhost%2Fch%2F4825&amp;portal=%7B%22name%22%3A+%22NFPS%22%2C+%22parental%22%3A+%22%22%2C+%22url%22%3A+%22http%3A%2F%2Fportal.iptvprivateserver.tv%22%2C+%22mac%22%3A+%2200%3A1A%3A78%3A12%3A34%3A79%22%2C+%22serial%22%3A+%7B%22custom%22%3A+false%7D%2C+%22password%22%3A+%22%22%7D&amp;mode=play&amp;logo_url=http%3A%2F%2Fportal.iptvprivateserver.tv%2Fstalker_portal%2Fmisc%2Flogos%2F320%2F1805.png&amp;sf_options=winID%3D10025%26_options_sf&quot;)</favourite>
	<favourite name="TeleCentro" thumb="http://portal.iptvprivateserver.tv/stalker_portal/misc/logos/320/1117.png">PlayMedia(&quot;plugin://plugin.video.iptvtelpro/?tmp=1&amp;genre_name=%5B%27All%27%5D&amp;title=TeleCentro&amp;cmd=ffrt2+http%3A%2F%2Flocalhost%2Fch%2F2017&amp;portal=%7B%22name%22%3A+%22NFPS%22%2C+%22parental%22%3A+%22%22%2C+%22url%22%3A+%22http%3A%2F%2Fportal.iptvprivateserver.tv%22%2C+%22mac%22%3A+%2200%3A1A%3A78%3A12%3A34%3A79%22%2C+%22serial%22%3A+%7B%22custom%22%3A+false%7D%2C+%22password%22%3A+%22%22%7D&amp;mode=play&amp;logo_url=http%3A%2F%2Fportal.iptvprivateserver.tv%2Fstalker_portal%2Fmisc%2Flogos%2F320%2F1117.png&amp;sf_options=winID%3D10025%26_options_sf&quot;)</favourite>
	<favourite name="Gala TV" thumb="http://portal.iptvprivateserver.tv/stalker_portal/misc/logos/320/967.png">PlayMedia(&quot;plugin://plugin.video.iptvtelpro/?tmp=0&amp;genre_name=%5B%27All%27%5D&amp;title=Gala+TV&amp;cmd=http%3A%2F%2Frightbrainmedia.mpl.miisolutions.net%2Frightbrainmedia-live-244%2F_definst_%2Fmp4%3AGalaTVCancun%2Fplaylist.m3u8&amp;portal=%7B%22name%22%3A+%22NFPS%22%2C+%22parental%22%3A+%22%22%2C+%22url%22%3A+%22http%3A%2F%2Fportal.iptvprivateserver.tv%22%2C+%22mac%22%3A+%2200%3A1A%3A78%3A12%3A34%3A79%22%2C+%22serial%22%3A+%7B%22custom%22%3A+false%7D%2C+%22password%22%3A+%22%22%7D&amp;mode=play&amp;logo_url=http%3A%2F%2Fportal.iptvprivateserver.tv%2Fstalker_portal%2Fmisc%2Flogos%2F320%2F967.png&amp;sf_options=winID%3D10025%26_options_sf&quot;)</favourite>
	<favourite name="Pasiones" thumb="http://portal.iptvprivateserver.tv/stalker_portal/misc/logos/320/117.png">PlayMedia(&quot;plugin://plugin.video.iptvtelpro/?tmp=1&amp;genre_name=%5B%27All%27%5D&amp;title=Pasiones&amp;cmd=ffrt2+http%3A%2F%2Flocalhost%2Fch%2F295&amp;portal=%7B%22name%22%3A+%22NFPS%22%2C+%22parental%22%3A+%22%22%2C+%22url%22%3A+%22http%3A%2F%2Fportal.iptvprivateserver.tv%22%2C+%22mac%22%3A+%2200%3A1A%3A78%3A12%3A34%3A79%22%2C+%22serial%22%3A+%7B%22custom%22%3A+false%7D%2C+%22password%22%3A+%22%22%7D&amp;mode=play&amp;logo_url=http%3A%2F%2Fportal.iptvprivateserver.tv%2Fstalker_portal%2Fmisc%2Flogos%2F320%2F117.png&amp;sf_options=winID%3D10025%26_options_sf&quot;)</favourite>
	<favourite name="Telemundo" thumb="http://portal.iptvprivateserver.tv/stalker_portal/misc/logos/320/815.png">PlayMedia(&quot;plugin://plugin.video.iptvtelpro/?tmp=1&amp;genre_name=%5B%27All%27%5D&amp;title=Telemundo&amp;cmd=ffrt2+http%3A%2F%2Flocalhost%2Fch%2F4417&amp;portal=%7B%22name%22%3A+%22NFPS%22%2C+%22parental%22%3A+%22%22%2C+%22url%22%3A+%22http%3A%2F%2Fportal.iptvprivateserver.tv%22%2C+%22mac%22%3A+%2200%3A1A%3A78%3A12%3A34%3A79%22%2C+%22serial%22%3A+%7B%22custom%22%3A+false%7D%2C+%22password%22%3A+%22%22%7D&amp;mode=play&amp;logo_url=http%3A%2F%2Fportal.iptvprivateserver.tv%2Fstalker_portal%2Fmisc%2Flogos%2F320%2F815.png&amp;sf_options=winID%3D10025%26_options_sf&quot;)</favourite>
	<favourite name="Telemundo Internacional" thumb="http://portal.iptvprivateserver.tv/stalker_portal/misc/logos/320/102.png">PlayMedia(&quot;plugin://plugin.video.iptvtelpro/?tmp=0&amp;genre_name=%5B%27All%27%5D&amp;title=Telemundo+Internacional&amp;cmd=http%3A%2F%2Fiphone-streaming.ustream.tv%2Fuhls%2F20720323%2Fstreams%2Flive%2Fiphone%2Fplaylist.m3u8%3F&amp;portal=%7B%22name%22%3A+%22NFPS%22%2C+%22parental%22%3A+%22%22%2C+%22url%22%3A+%22http%3A%2F%2Fportal.iptvprivateserver.tv%22%2C+%22mac%22%3A+%2200%3A1A%3A78%3A12%3A34%3A79%22%2C+%22serial%22%3A+%7B%22custom%22%3A+false%7D%2C+%22password%22%3A+%22%22%7D&amp;mode=play&amp;logo_url=http%3A%2F%2Fportal.iptvprivateserver.tv%2Fstalker_portal%2Fmisc%2Flogos%2F320%2F102.png&amp;sf_options=winID%3D10025%26_options_sf&quot;)</favourite>
	<favourite name="Tlnovelas America" thumb="http://portal.iptvprivateserver.tv/stalker_portal/misc/logos/320/847.png">PlayMedia(&quot;plugin://plugin.video.iptvtelpro/?tmp=1&amp;genre_name=%5B%27All%27%5D&amp;title=Tlnovelas+America&amp;cmd=ffrt2+http%3A%2F%2Flocalhost%2Fch%2F1461&amp;portal=%7B%22name%22%3A+%22NFPS%22%2C+%22parental%22%3A+%22%22%2C+%22url%22%3A+%22http%3A%2F%2Fportal.iptvprivateserver.tv%22%2C+%22mac%22%3A+%2200%3A1A%3A78%3A12%3A34%3A79%22%2C+%22serial%22%3A+%7B%22custom%22%3A+false%7D%2C+%22password%22%3A+%22%22%7D&amp;mode=play&amp;logo_url=http%3A%2F%2Fportal.iptvprivateserver.tv%2Fstalker_portal%2Fmisc%2Flogos%2F320%2F847.png&amp;sf_options=winID%3D10025%26_options_sf&quot;)</favourite>
	<favourite name="RCN Novelas" thumb="http://portal.iptvprivateserver.tv/stalker_portal/misc/logos/320/881.png">PlayMedia(&quot;plugin://plugin.video.iptvtelpro/?tmp=1&amp;genre_name=%5B%27All%27%5D&amp;title=RCN+Novelas&amp;cmd=ffrt2+http%3A%2F%2Flocalhost%2Fch%2F1493&amp;portal=%7B%22name%22%3A+%22NFPS%22%2C+%22parental%22%3A+%22%22%2C+%22url%22%3A+%22http%3A%2F%2Fportal.iptvprivateserver.tv%22%2C+%22mac%22%3A+%2200%3A1A%3A78%3A12%3A34%3A79%22%2C+%22serial%22%3A+%7B%22custom%22%3A+false%7D%2C+%22password%22%3A+%22%22%7D&amp;mode=play&amp;logo_url=http%3A%2F%2Fportal.iptvprivateserver.tv%2Fstalker_portal%2Fmisc%2Flogos%2F320%2F881.png&amp;sf_options=winID%3D10025%26_options_sf&quot;)</favourite>
	<favourite name="Antena 3" thumb="http://portal.iptvprivateserver.tv/stalker_portal/misc/logos/320/113.png">PlayMedia(&quot;plugin://plugin.video.iptvtelpro/?tmp=0&amp;genre_name=%5B%27All%27%5D&amp;title=Antena+3&amp;cmd=ffrt2+http%3A%2F%2Fantena3-aos1-apple-live.adaptive.level3.net%2Fapple%2Fantena3%2Fchannel01%2Fantena_3_hd_1548K_1280x720_main.m3u8&amp;portal=%7B%22name%22%3A+%22NFPS%22%2C+%22parental%22%3A+%22%22%2C+%22url%22%3A+%22http%3A%2F%2Fportal.iptvprivateserver.tv%22%2C+%22mac%22%3A+%2200%3A1A%3A78%3A12%3A34%3A79%22%2C+%22serial%22%3A+%7B%22custom%22%3A+false%7D%2C+%22password%22%3A+%22%22%7D&amp;mode=play&amp;logo_url=http%3A%2F%2Fportal.iptvprivateserver.tv%2Fstalker_portal%2Fmisc%2Flogos%2F320%2F113.png&amp;sf_options=winID%3D10025%26_options_sf&quot;)</favourite>
	<favourite name="TVE Internacional America" thumb="http://portal.iptvprivateserver.tv/stalker_portal/misc/logos/320/115.png">PlayMedia(&quot;plugin://plugin.video.iptvtelpro/?tmp=1&amp;genre_name=%5B%27All%27%5D&amp;title=TVE+Internacional+America&amp;cmd=ffrt2+http%3A%2F%2Flocalhost%2Fch%2F2123&amp;portal=%7B%22name%22%3A+%22NFPS%22%2C+%22parental%22%3A+%22%22%2C+%22url%22%3A+%22http%3A%2F%2Fportal.iptvprivateserver.tv%22%2C+%22mac%22%3A+%2200%3A1A%3A78%3A12%3A34%3A79%22%2C+%22serial%22%3A+%7B%22custom%22%3A+false%7D%2C+%22password%22%3A+%22%22%7D&amp;mode=play&amp;logo_url=http%3A%2F%2Fportal.iptvprivateserver.tv%2Fstalker_portal%2Fmisc%2Flogos%2F320%2F115.png&amp;sf_options=winID%3D10025%26_options_sf&quot;)</favourite>
	<favourite name="Galicia TV" thumb="http://portal.iptvprivateserver.tv/stalker_portal/misc/logos/320/623.png">PlayMedia(&quot;plugin://plugin.video.iptvtelpro/?tmp=1&amp;genre_name=%5B%27All%27%5D&amp;title=Galicia+TV&amp;cmd=ffrt2+http%3A%2F%2Flocalhost%2Fch%2F1499&amp;portal=%7B%22name%22%3A+%22NFPS%22%2C+%22parental%22%3A+%22%22%2C+%22url%22%3A+%22http%3A%2F%2Fportal.iptvprivateserver.tv%22%2C+%22mac%22%3A+%2200%3A1A%3A78%3A12%3A34%3A79%22%2C+%22serial%22%3A+%7B%22custom%22%3A+false%7D%2C+%22password%22%3A+%22%22%7D&amp;mode=play&amp;logo_url=http%3A%2F%2Fportal.iptvprivateserver.tv%2Fstalker_portal%2Fmisc%2Flogos%2F320%2F623.png&amp;sf_options=winID%3D10025%26_options_sf&quot;)</favourite>
	<favourite name="DW Latinoamerica" thumb="http://portal.iptvprivateserver.tv/stalker_portal/misc/logos/320/1095.png">PlayMedia(&quot;plugin://plugin.video.iptvtelpro/?tmp=0&amp;genre_name=%5B%27All%27%5D&amp;title=DW+Latinoamerica&amp;cmd=ffrt2+http%3A%2F%2Fwww.metafilegenerator.de%2FDWelle%2Ftv-latinoamerica%2Fios%2Fmaster.m3u8&amp;portal=%7B%22name%22%3A+%22NFPS%22%2C+%22parental%22%3A+%22%22%2C+%22url%22%3A+%22http%3A%2F%2Fportal.iptvprivateserver.tv%22%2C+%22mac%22%3A+%2200%3A1A%3A78%3A12%3A34%3A79%22%2C+%22serial%22%3A+%7B%22custom%22%3A+false%7D%2C+%22password%22%3A+%22%22%7D&amp;mode=play&amp;logo_url=http%3A%2F%2Fportal.iptvprivateserver.tv%2Fstalker_portal%2Fmisc%2Flogos%2F320%2F1095.png&amp;sf_options=winID%3D10025%26_options_sf&quot;)</favourite>
	<favourite name="TV Globo Internacional" thumb="http://portal.iptvprivateserver.tv/stalker_portal/misc/logos/320/937.png">PlayMedia(&quot;plugin://plugin.video.iptvtelpro/?tmp=1&amp;genre_name=%5B%27All%27%5D&amp;title=TV+Globo+Internacional&amp;cmd=ffrt2+http%3A%2F%2Flocalhost%2Fch%2F1593&amp;portal=%7B%22name%22%3A+%22NFPS%22%2C+%22parental%22%3A+%22%22%2C+%22url%22%3A+%22http%3A%2F%2Fportal.iptvprivateserver.tv%22%2C+%22mac%22%3A+%2200%3A1A%3A78%3A12%3A34%3A79%22%2C+%22serial%22%3A+%7B%22custom%22%3A+false%7D%2C+%22password%22%3A+%22%22%7D&amp;mode=play&amp;logo_url=http%3A%2F%2Fportal.iptvprivateserver.tv%2Fstalker_portal%2Fmisc%2Flogos%2F320%2F937.png&amp;sf_options=winID%3D10025%26_options_sf&quot;)</favourite>
	<favourite name="TV 5 Monde" thumb="http://portal.iptvprivateserver.tv/stalker_portal/misc/logos/320/2014.png">PlayMedia(&quot;plugin://plugin.video.iptvtelpro/?tmp=0&amp;genre_name=%5B%27All%27%5D&amp;title=TV+5+Monde&amp;cmd=http%3A%2F%2Fhlslive.lcdn.une.net.co%2Fv1%2FAUTH_HLSLIVE%2FTV5%2Ftu1_manifest.m3u8&amp;portal=%7B%22name%22%3A+%22NFPS%22%2C+%22parental%22%3A+%22%22%2C+%22url%22%3A+%22http%3A%2F%2Fportal.iptvprivateserver.tv%22%2C+%22mac%22%3A+%2200%3A1A%3A78%3A12%3A34%3A79%22%2C+%22serial%22%3A+%7B%22custom%22%3A+false%7D%2C+%22password%22%3A+%22%22%7D&amp;mode=play&amp;logo_url=http%3A%2F%2Fportal.iptvprivateserver.tv%2Fstalker_portal%2Fmisc%2Flogos%2F320%2F2014.png&amp;sf_options=winID%3D10025%26_options_sf&quot;)</favourite>
	<favourite name="Discovery en Español" thumb="http://portal.iptvprivateserver.tv/stalker_portal/misc/logos/320/1333.png">PlayMedia(&quot;plugin://plugin.video.iptvtelpro/?tmp=1&amp;genre_name=%5B%27All%27%5D&amp;title=Discovery+en+Espa%C3%B1ol&amp;cmd=ffrt2+http%3A%2F%2Flocalhost%2Fch%2F3531&amp;portal=%7B%22name%22%3A+%22NFPS%22%2C+%22parental%22%3A+%22%22%2C+%22url%22%3A+%22http%3A%2F%2Fportal.iptvprivateserver.tv%22%2C+%22mac%22%3A+%2200%3A1A%3A78%3A12%3A34%3A79%22%2C+%22serial%22%3A+%7B%22custom%22%3A+false%7D%2C+%22password%22%3A+%22%22%7D&amp;mode=play&amp;logo_url=http%3A%2F%2Fportal.iptvprivateserver.tv%2Fstalker_portal%2Fmisc%2Flogos%2F320%2F1333.png&amp;sf_options=winID%3D10025%26_options_sf&quot;)</favourite>
	<favourite name="Discovery Theater" thumb="http://portal.iptvprivateserver.tv/stalker_portal/misc/logos/320/29.png">PlayMedia(&quot;plugin://plugin.video.iptvtelpro/?tmp=1&amp;genre_name=%5B%27All%27%5D&amp;title=Discovery+Theater&amp;cmd=ffrt2+http%3A%2F%2Flocalhost%2Fch%2F3798&amp;portal=%7B%22name%22%3A+%22NFPS%22%2C+%22parental%22%3A+%22%22%2C+%22url%22%3A+%22http%3A%2F%2Fportal.iptvprivateserver.tv%22%2C+%22mac%22%3A+%2200%3A1A%3A78%3A12%3A34%3A79%22%2C+%22serial%22%3A+%7B%22custom%22%3A+false%7D%2C+%22password%22%3A+%22%22%7D&amp;mode=play&amp;logo_url=http%3A%2F%2Fportal.iptvprivateserver.tv%2Fstalker_portal%2Fmisc%2Flogos%2F320%2F29.png&amp;sf_options=winID%3D10025%26_options_sf&quot;)</favourite>
	<favourite name="Discovery World" thumb="http://portal.iptvprivateserver.tv/stalker_portal/misc/logos/320/1493.png">PlayMedia(&quot;plugin://plugin.video.iptvtelpro/?tmp=1&amp;genre_name=%5B%27All%27%5D&amp;title=Discovery+World&amp;cmd=ffrt2+http%3A%2F%2Flocalhost%2Fch%2F3529&amp;portal=%7B%22name%22%3A+%22NFPS%22%2C+%22parental%22%3A+%22%22%2C+%22url%22%3A+%22http%3A%2F%2Fportal.iptvprivateserver.tv%22%2C+%22mac%22%3A+%2200%3A1A%3A78%3A12%3A34%3A79%22%2C+%22serial%22%3A+%7B%22custom%22%3A+false%7D%2C+%22password%22%3A+%22%22%7D&amp;mode=play&amp;logo_url=http%3A%2F%2Fportal.iptvprivateserver.tv%2Fstalker_portal%2Fmisc%2Flogos%2F320%2F1493.png&amp;sf_options=winID%3D10025%26_options_sf&quot;)</favourite>
	<favourite name="Discovery Home &amp; Health Latinoamerica" thumb="http://portal.iptvprivateserver.tv/stalker_portal/misc/logos/320/44.png">PlayMedia(&quot;plugin://plugin.video.iptvtelpro/?tmp=1&amp;genre_name=%5B%27All%27%5D&amp;title=Discovery+Home+%26+Health+Latinoamerica&amp;cmd=ffrt2+http%3A%2F%2Flocalhost%2Fch%2F252&amp;portal=%7B%22name%22%3A+%22NFPS%22%2C+%22parental%22%3A+%22%22%2C+%22url%22%3A+%22http%3A%2F%2Fportal.iptvprivateserver.tv%22%2C+%22mac%22%3A+%2200%3A1A%3A78%3A12%3A34%3A79%22%2C+%22serial%22%3A+%7B%22custom%22%3A+false%7D%2C+%22password%22%3A+%22%22%7D&amp;mode=play&amp;logo_url=http%3A%2F%2Fportal.iptvprivateserver.tv%2Fstalker_portal%2Fmisc%2Flogos%2F320%2F44.png&amp;sf_options=winID%3D10025%26_options_sf&quot;)</favourite>
	<favourite name="H2 Latinoamerica" thumb="http://portal.iptvprivateserver.tv/stalker_portal/misc/logos/320/119.png">PlayMedia(&quot;plugin://plugin.video.iptvtelpro/?tmp=1&amp;genre_name=%5B%27All%27%5D&amp;title=H2+Latinoamerica&amp;cmd=ffrt2+http%3A%2F%2Flocalhost%2Fch%2F297&amp;portal=%7B%22name%22%3A+%22NFPS%22%2C+%22parental%22%3A+%22%22%2C+%22url%22%3A+%22http%3A%2F%2Fportal.iptvprivateserver.tv%22%2C+%22mac%22%3A+%2200%3A1A%3A78%3A12%3A34%3A79%22%2C+%22serial%22%3A+%7B%22custom%22%3A+false%7D%2C+%22password%22%3A+%22%22%7D&amp;mode=play&amp;logo_url=http%3A%2F%2Fportal.iptvprivateserver.tv%2Fstalker_portal%2Fmisc%2Flogos%2F320%2F119.png&amp;sf_options=winID%3D10025%26_options_sf&quot;)</favourite>
	<favourite name="History en Español" thumb="http://portal.iptvprivateserver.tv/stalker_portal/misc/logos/320/219.png">PlayMedia(&quot;plugin://plugin.video.iptvtelpro/?tmp=1&amp;genre_name=%5B%27All%27%5D&amp;title=History+en+Espa%C3%B1ol&amp;cmd=ffrt2+http%3A%2F%2Flocalhost%2Fch%2F3704&amp;portal=%7B%22name%22%3A+%22NFPS%22%2C+%22parental%22%3A+%22%22%2C+%22url%22%3A+%22http%3A%2F%2Fportal.iptvprivateserver.tv%22%2C+%22mac%22%3A+%2200%3A1A%3A78%3A12%3A34%3A79%22%2C+%22serial%22%3A+%7B%22custom%22%3A+false%7D%2C+%22password%22%3A+%22%22%7D&amp;mode=play&amp;logo_url=http%3A%2F%2Fportal.iptvprivateserver.tv%2Fstalker_portal%2Fmisc%2Flogos%2F320%2F219.png&amp;sf_options=winID%3D10025%26_options_sf&quot;)</favourite>
	<favourite name="National Geographic Latinoamerica" thumb="http://portal.iptvprivateserver.tv/stalker_portal/misc/logos/320/217.png">PlayMedia(&quot;plugin://plugin.video.iptvtelpro/?tmp=1&amp;genre_name=%5B%27All%27%5D&amp;title=National+Geographic+Latinoamerica&amp;cmd=ffrt2+http%3A%2F%2Flocalhost%2Fch%2F395&amp;portal=%7B%22name%22%3A+%22NFPS%22%2C+%22parental%22%3A+%22%22%2C+%22url%22%3A+%22http%3A%2F%2Fportal.iptvprivateserver.tv%22%2C+%22mac%22%3A+%2200%3A1A%3A78%3A12%3A34%3A79%22%2C+%22serial%22%3A+%7B%22custom%22%3A+false%7D%2C+%22password%22%3A+%22%22%7D&amp;mode=play&amp;logo_url=http%3A%2F%2Fportal.iptvprivateserver.tv%2Fstalker_portal%2Fmisc%2Flogos%2F320%2F217.png&amp;sf_options=winID%3D10025%26_options_sf&quot;)</favourite>
	<favourite name="Nat Geo Wild Latino America" thumb="http://portal.iptvprivateserver.tv/stalker_portal/misc/logos/320/35.png">PlayMedia(&quot;plugin://plugin.video.iptvtelpro/?tmp=1&amp;genre_name=%5B%27All%27%5D&amp;title=Nat+Geo+Wild+Latino+America&amp;cmd=ffrt2+http%3A%2F%2Flocalhost%2Fch%2F254&amp;portal=%7B%22name%22%3A+%22NFPS%22%2C+%22parental%22%3A+%22%22%2C+%22url%22%3A+%22http%3A%2F%2Fportal.iptvprivateserver.tv%22%2C+%22mac%22%3A+%2200%3A1A%3A78%3A12%3A34%3A79%22%2C+%22serial%22%3A+%7B%22custom%22%3A+false%7D%2C+%22password%22%3A+%22%22%7D&amp;mode=play&amp;logo_url=http%3A%2F%2Fportal.iptvprivateserver.tv%2Fstalker_portal%2Fmisc%2Flogos%2F320%2F35.png&amp;sf_options=winID%3D10025%26_options_sf&quot;)</favourite>
	<favourite name="Animal Planet Latinoamerica" thumb="http://portal.iptvprivateserver.tv/stalker_portal/misc/logos/320/121.png">PlayMedia(&quot;plugin://plugin.video.iptvtelpro/?tmp=1&amp;genre_name=%5B%27All%27%5D&amp;title=Animal+Planet+Latinoamerica&amp;cmd=ffrt2+http%3A%2F%2Flocalhost%2Fch%2F441&amp;portal=%7B%22name%22%3A+%22NFPS%22%2C+%22parental%22%3A+%22%22%2C+%22url%22%3A+%22http%3A%2F%2Fportal.iptvprivateserver.tv%22%2C+%22mac%22%3A+%2200%3A1A%3A78%3A12%3A34%3A79%22%2C+%22serial%22%3A+%7B%22custom%22%3A+false%7D%2C+%22password%22%3A+%22%22%7D&amp;mode=play&amp;logo_url=http%3A%2F%2Fportal.iptvprivateserver.tv%2Fstalker_portal%2Fmisc%2Flogos%2F320%2F121.png&amp;sf_options=winID%3D10025%26_options_sf&quot;)</favourite>
	<favourite name="ESPN Latinoamerica" thumb="http://portal.iptvprivateserver.tv/stalker_portal/misc/logos/320/819.png">PlayMedia(&quot;plugin://plugin.video.iptvtelpro/?tmp=1&amp;genre_name=%5B%27All%27%5D&amp;title=ESPN+Latinoamerica&amp;cmd=ffrt2+http%3A%2F%2Flocalhost%2Fch%2F2487&amp;portal=%7B%22name%22%3A+%22NFPS%22%2C+%22parental%22%3A+%22%22%2C+%22url%22%3A+%22http%3A%2F%2Fportal.iptvprivateserver.tv%22%2C+%22mac%22%3A+%2200%3A1A%3A78%3A12%3A34%3A79%22%2C+%22serial%22%3A+%7B%22custom%22%3A+false%7D%2C+%22password%22%3A+%22%22%7D&amp;mode=play&amp;logo_url=http%3A%2F%2Fportal.iptvprivateserver.tv%2Fstalker_portal%2Fmisc%2Flogos%2F320%2F819.png&amp;sf_options=winID%3D10025%26_options_sf&quot;)</favourite>
	<favourite name="ESPN 2 Latinoamerica" thumb="http://portal.iptvprivateserver.tv/stalker_portal/misc/logos/320/123.png">PlayMedia(&quot;plugin://plugin.video.iptvtelpro/?tmp=1&amp;genre_name=%5B%27All%27%5D&amp;title=ESPN+2+Latinoamerica&amp;cmd=ffrt2+http%3A%2F%2Flocalhost%2Fch%2F301&amp;portal=%7B%22name%22%3A+%22NFPS%22%2C+%22parental%22%3A+%22%22%2C+%22url%22%3A+%22http%3A%2F%2Fportal.iptvprivateserver.tv%22%2C+%22mac%22%3A+%2200%3A1A%3A78%3A12%3A34%3A79%22%2C+%22serial%22%3A+%7B%22custom%22%3A+false%7D%2C+%22password%22%3A+%22%22%7D&amp;mode=play&amp;logo_url=http%3A%2F%2Fportal.iptvprivateserver.tv%2Fstalker_portal%2Fmisc%2Flogos%2F320%2F123.png&amp;sf_options=winID%3D10025%26_options_sf&quot;)</favourite>
	<favourite name="ESPN 3 Latinoamerica" thumb="http://portal.iptvprivateserver.tv/stalker_portal/misc/logos/320/125.png">PlayMedia(&quot;plugin://plugin.video.iptvtelpro/?tmp=1&amp;genre_name=%5B%27All%27%5D&amp;title=ESPN+3+Latinoamerica&amp;cmd=ffrt2+http%3A%2F%2Flocalhost%2Fch%2F3806&amp;portal=%7B%22name%22%3A+%22NFPS%22%2C+%22parental%22%3A+%22%22%2C+%22url%22%3A+%22http%3A%2F%2Fportal.iptvprivateserver.tv%22%2C+%22mac%22%3A+%2200%3A1A%3A78%3A12%3A34%3A79%22%2C+%22serial%22%3A+%7B%22custom%22%3A+false%7D%2C+%22password%22%3A+%22%22%7D&amp;mode=play&amp;logo_url=http%3A%2F%2Fportal.iptvprivateserver.tv%2Fstalker_portal%2Fmisc%2Flogos%2F320%2F125.png&amp;sf_options=winID%3D10025%26_options_sf&quot;)</favourite>
	<favourite name="Fox Sports Latinoamerica" thumb="http://portal.iptvprivateserver.tv/stalker_portal/misc/logos/320/831.png">PlayMedia(&quot;plugin://plugin.video.iptvtelpro/?tmp=1&amp;genre_name=%5B%27All%27%5D&amp;title=Fox+Sports+Latinoamerica&amp;cmd=ffrt2+http%3A%2F%2Flocalhost%2Fch%2F2505&amp;portal=%7B%22name%22%3A+%22NFPS%22%2C+%22parental%22%3A+%22%22%2C+%22url%22%3A+%22http%3A%2F%2Fportal.iptvprivateserver.tv%22%2C+%22mac%22%3A+%2200%3A1A%3A78%3A12%3A34%3A79%22%2C+%22serial%22%3A+%7B%22custom%22%3A+false%7D%2C+%22password%22%3A+%22%22%7D&amp;mode=play&amp;logo_url=http%3A%2F%2Fportal.iptvprivateserver.tv%2Fstalker_portal%2Fmisc%2Flogos%2F320%2F831.png&amp;sf_options=winID%3D10025%26_options_sf&quot;)</favourite>
	<favourite name="Fox Sports 2 Latinoamerica" thumb="http://portal.iptvprivateserver.tv/stalker_portal/misc/logos/320/215.png">PlayMedia(&quot;plugin://plugin.video.iptvtelpro/?tmp=1&amp;genre_name=%5B%27All%27%5D&amp;title=Fox+Sports+2+Latinoamerica&amp;cmd=ffrt2+http%3A%2F%2Flocalhost%2Fch%2F475&amp;portal=%7B%22name%22%3A+%22NFPS%22%2C+%22parental%22%3A+%22%22%2C+%22url%22%3A+%22http%3A%2F%2Fportal.iptvprivateserver.tv%22%2C+%22mac%22%3A+%2200%3A1A%3A78%3A12%3A34%3A79%22%2C+%22serial%22%3A+%7B%22custom%22%3A+false%7D%2C+%22password%22%3A+%22%22%7D&amp;mode=play&amp;logo_url=http%3A%2F%2Fportal.iptvprivateserver.tv%2Fstalker_portal%2Fmisc%2Flogos%2F320%2F215.png&amp;sf_options=winID%3D10025%26_options_sf&quot;)</favourite>
	<favourite name="Fox Sports 3 Latinoamerica" thumb="http://portal.iptvprivateserver.tv/stalker_portal/misc/logos/320/127.png">PlayMedia(&quot;plugin://plugin.video.iptvtelpro/?tmp=1&amp;genre_name=%5B%27All%27%5D&amp;title=Fox+Sports+3+Latinoamerica&amp;cmd=ffrt2+http%3A%2F%2Flocalhost%2Fch%2F445&amp;portal=%7B%22name%22%3A+%22NFPS%22%2C+%22parental%22%3A+%22%22%2C+%22url%22%3A+%22http%3A%2F%2Fportal.iptvprivateserver.tv%22%2C+%22mac%22%3A+%2200%3A1A%3A78%3A12%3A34%3A79%22%2C+%22serial%22%3A+%7B%22custom%22%3A+false%7D%2C+%22password%22%3A+%22%22%7D&amp;mode=play&amp;logo_url=http%3A%2F%2Fportal.iptvprivateserver.tv%2Fstalker_portal%2Fmisc%2Flogos%2F320%2F127.png&amp;sf_options=winID%3D10025%26_options_sf&quot;)</favourite>
	<favourite name="BeinSports en Español" thumb="http://portal.iptvprivateserver.tv/stalker_portal/misc/logos/320/1239.png">PlayMedia(&quot;plugin://plugin.video.iptvtelpro/?tmp=1&amp;genre_name=%5B%27All%27%5D&amp;title=BeinSports+en+Espa%C3%B1ol&amp;cmd=ffrt2+http%3A%2F%2Flocalhost%2Fch%2F2527&amp;portal=%7B%22name%22%3A+%22NFPS%22%2C+%22parental%22%3A+%22%22%2C+%22url%22%3A+%22http%3A%2F%2Fportal.iptvprivateserver.tv%22%2C+%22mac%22%3A+%2200%3A1A%3A78%3A12%3A34%3A79%22%2C+%22serial%22%3A+%7B%22custom%22%3A+false%7D%2C+%22password%22%3A+%22%22%7D&amp;mode=play&amp;logo_url=http%3A%2F%2Fportal.iptvprivateserver.tv%2Fstalker_portal%2Fmisc%2Flogos%2F320%2F1239.png&amp;sf_options=winID%3D10025%26_options_sf&quot;)</favourite>
	<favourite name="UFC Network Latinoamerica" thumb="http://portal.iptvprivateserver.tv/stalker_portal/misc/logos/320/625.png">PlayMedia(&quot;plugin://plugin.video.iptvtelpro/?tmp=1&amp;genre_name=%5B%27All%27%5D&amp;title=UFC+Network+Latinoamerica&amp;cmd=ffrt2+http%3A%2F%2Flocalhost%2Fch%2F1047&amp;portal=%7B%22name%22%3A+%22NFPS%22%2C+%22parental%22%3A+%22%22%2C+%22url%22%3A+%22http%3A%2F%2Fportal.iptvprivateserver.tv%22%2C+%22mac%22%3A+%2200%3A1A%3A78%3A12%3A34%3A79%22%2C+%22serial%22%3A+%7B%22custom%22%3A+false%7D%2C+%22password%22%3A+%22%22%7D&amp;mode=play&amp;logo_url=http%3A%2F%2Fportal.iptvprivateserver.tv%2Fstalker_portal%2Fmisc%2Flogos%2F320%2F625.png&amp;sf_options=winID%3D10025%26_options_sf&quot;)</favourite>
	<favourite name="F1 Latinoamerica" thumb="http://portal.iptvprivateserver.tv/stalker_portal/misc/logos/320/969.png">PlayMedia(&quot;plugin://plugin.video.iptvtelpro/?tmp=1&amp;genre_name=%5B%27All%27%5D&amp;title=F1+Latinoamerica&amp;cmd=ffrt2+http%3A%2F%2Flocalhost%2Fch%2F1695&amp;portal=%7B%22name%22%3A+%22NFPS%22%2C+%22parental%22%3A+%22%22%2C+%22url%22%3A+%22http%3A%2F%2Fportal.iptvprivateserver.tv%22%2C+%22mac%22%3A+%2200%3A1A%3A78%3A12%3A34%3A79%22%2C+%22serial%22%3A+%7B%22custom%22%3A+false%7D%2C+%22password%22%3A+%22%22%7D&amp;mode=play&amp;logo_url=http%3A%2F%2Fportal.iptvprivateserver.tv%2Fstalker_portal%2Fmisc%2Flogos%2F320%2F969.png&amp;sf_options=winID%3D10025%26_options_sf&quot;)</favourite>
	<favourite name="Planeta Futbol" thumb="http://portal.iptvprivateserver.tv/stalker_portal/misc/logos/320/863.png">PlayMedia(&quot;plugin://plugin.video.iptvtelpro/?tmp=1&amp;genre_name=%5B%27All%27%5D&amp;title=Planeta+Futbol&amp;cmd=ffrt2+http%3A%2F%2Flocalhost%2Fch%2F1477&amp;portal=%7B%22name%22%3A+%22NFPS%22%2C+%22parental%22%3A+%22%22%2C+%22url%22%3A+%22http%3A%2F%2Fportal.iptvprivateserver.tv%22%2C+%22mac%22%3A+%2200%3A1A%3A78%3A12%3A34%3A79%22%2C+%22serial%22%3A+%7B%22custom%22%3A+false%7D%2C+%22password%22%3A+%22%22%7D&amp;mode=play&amp;logo_url=http%3A%2F%2Fportal.iptvprivateserver.tv%2Fstalker_portal%2Fmisc%2Flogos%2F320%2F863.png&amp;sf_options=winID%3D10025%26_options_sf&quot;)</favourite>
	<favourite name="TDN Mexico" thumb="http://portal.iptvprivateserver.tv/stalker_portal/misc/logos/320/635.png">PlayMedia(&quot;plugin://plugin.video.iptvtelpro/?tmp=1&amp;genre_name=%5B%27All%27%5D&amp;title=TDN+Mexico&amp;cmd=ffrt2+http%3A%2F%2Flocalhost%2Fch%2F1059&amp;portal=%7B%22name%22%3A+%22NFPS%22%2C+%22parental%22%3A+%22%22%2C+%22url%22%3A+%22http%3A%2F%2Fportal.iptvprivateserver.tv%22%2C+%22mac%22%3A+%2200%3A1A%3A78%3A12%3A34%3A79%22%2C+%22serial%22%3A+%7B%22custom%22%3A+false%7D%2C+%22password%22%3A+%22%22%7D&amp;mode=play&amp;logo_url=http%3A%2F%2Fportal.iptvprivateserver.tv%2Fstalker_portal%2Fmisc%2Flogos%2F320%2F635.png&amp;sf_options=winID%3D10025%26_options_sf&quot;)</favourite>
	<favourite name="Univision TDN" thumb="http://portal.iptvprivateserver.tv/stalker_portal/misc/logos/320/869.png">PlayMedia(&quot;plugin://plugin.video.iptvtelpro/?tmp=1&amp;genre_name=%5B%27All%27%5D&amp;title=Univision+TDN&amp;cmd=ffrt2+http%3A%2F%2Flocalhost%2Fch%2F1483&amp;portal=%7B%22name%22%3A+%22NFPS%22%2C+%22parental%22%3A+%22%22%2C+%22url%22%3A+%22http%3A%2F%2Fportal.iptvprivateserver.tv%22%2C+%22mac%22%3A+%2200%3A1A%3A78%3A12%3A34%3A79%22%2C+%22serial%22%3A+%7B%22custom%22%3A+false%7D%2C+%22password%22%3A+%22%22%7D&amp;mode=play&amp;logo_url=http%3A%2F%2Fportal.iptvprivateserver.tv%2Fstalker_portal%2Fmisc%2Flogos%2F320%2F869.png&amp;sf_options=winID%3D10025%26_options_sf&quot;)</favourite>
	<favourite name="Golf Channel Latinoamerica" thumb="http://portal.iptvprivateserver.tv/stalker_portal/misc/logos/320/877.png">PlayMedia(&quot;plugin://plugin.video.iptvtelpro/?tmp=1&amp;genre_name=%5B%27All%27%5D&amp;title=Golf+Channel+Latinoamerica&amp;cmd=ffrt2+http%3A%2F%2Flocalhost%2Fch%2F1489&amp;portal=%7B%22name%22%3A+%22NFPS%22%2C+%22parental%22%3A+%22%22%2C+%22url%22%3A+%22http%3A%2F%2Fportal.iptvprivateserver.tv%22%2C+%22mac%22%3A+%2200%3A1A%3A78%3A12%3A34%3A79%22%2C+%22serial%22%3A+%7B%22custom%22%3A+false%7D%2C+%22password%22%3A+%22%22%7D&amp;mode=play&amp;logo_url=http%3A%2F%2Fportal.iptvprivateserver.tv%2Fstalker_portal%2Fmisc%2Flogos%2F320%2F877.png&amp;sf_options=winID%3D10025%26_options_sf&quot;)</favourite>
	<favourite name="Disney Channel Norte" thumb="http://portal.iptvprivateserver.tv/stalker_portal/misc/logos/320/42.png">PlayMedia(&quot;plugin://plugin.video.iptvtelpro/?tmp=1&amp;genre_name=%5B%27All%27%5D&amp;title=Disney+Channel+Norte&amp;cmd=ffrt2+http%3A%2F%2Flocalhost%2Fch%2F256&amp;portal=%7B%22name%22%3A+%22NFPS%22%2C+%22parental%22%3A+%22%22%2C+%22url%22%3A+%22http%3A%2F%2Fportal.iptvprivateserver.tv%22%2C+%22mac%22%3A+%2200%3A1A%3A78%3A12%3A34%3A79%22%2C+%22serial%22%3A+%7B%22custom%22%3A+false%7D%2C+%22password%22%3A+%22%22%7D&amp;mode=play&amp;logo_url=http%3A%2F%2Fportal.iptvprivateserver.tv%2Fstalker_portal%2Fmisc%2Flogos%2F320%2F42.png&amp;sf_options=winID%3D10025%26_options_sf&quot;)</favourite>
	<favourite name="Disney XD Norte" thumb="http://portal.iptvprivateserver.tv/stalker_portal/misc/logos/320/255.png">PlayMedia(&quot;plugin://plugin.video.iptvtelpro/?tmp=1&amp;genre_name=%5B%27All%27%5D&amp;title=Disney+XD+Norte&amp;cmd=ffrt2+http%3A%2F%2Flocalhost%2Fch%2F499&amp;portal=%7B%22name%22%3A+%22NFPS%22%2C+%22parental%22%3A+%22%22%2C+%22url%22%3A+%22http%3A%2F%2Fportal.iptvprivateserver.tv%22%2C+%22mac%22%3A+%2200%3A1A%3A78%3A12%3A34%3A79%22%2C+%22serial%22%3A+%7B%22custom%22%3A+false%7D%2C+%22password%22%3A+%22%22%7D&amp;mode=play&amp;logo_url=http%3A%2F%2Fportal.iptvprivateserver.tv%2Fstalker_portal%2Fmisc%2Flogos%2F320%2F255.png&amp;sf_options=winID%3D10025%26_options_sf&quot;)</favourite>
	<favourite name="Nickelodeon Latinoamerica" thumb="http://portal.iptvprivateserver.tv/stalker_portal/misc/logos/320/817.png">PlayMedia(&quot;plugin://plugin.video.iptvtelpro/?tmp=1&amp;genre_name=%5B%27All%27%5D&amp;title=Nickelodeon+Latinoamerica&amp;cmd=ffrt2+http%3A%2F%2Flocalhost%2Fch%2F1423&amp;portal=%7B%22name%22%3A+%22NFPS%22%2C+%22parental%22%3A+%22%22%2C+%22url%22%3A+%22http%3A%2F%2Fportal.iptvprivateserver.tv%22%2C+%22mac%22%3A+%2200%3A1A%3A78%3A12%3A34%3A79%22%2C+%22serial%22%3A+%7B%22custom%22%3A+false%7D%2C+%22password%22%3A+%22%22%7D&amp;mode=play&amp;logo_url=http%3A%2F%2Fportal.iptvprivateserver.tv%2Fstalker_portal%2Fmisc%2Flogos%2F320%2F817.png&amp;sf_options=winID%3D10025%26_options_sf&quot;)</favourite>
	<favourite name="Disney Junior Norte" thumb="http://portal.iptvprivateserver.tv/stalker_portal/misc/logos/320/843.png">PlayMedia(&quot;plugin://plugin.video.iptvtelpro/?tmp=1&amp;genre_name=%5B%27All%27%5D&amp;title=Disney+Junior+Norte&amp;cmd=ffrt2+http%3A%2F%2Flocalhost%2Fch%2F1455&amp;portal=%7B%22name%22%3A+%22NFPS%22%2C+%22parental%22%3A+%22%22%2C+%22url%22%3A+%22http%3A%2F%2Fportal.iptvprivateserver.tv%22%2C+%22mac%22%3A+%2200%3A1A%3A78%3A12%3A34%3A79%22%2C+%22serial%22%3A+%7B%22custom%22%3A+false%7D%2C+%22password%22%3A+%22%22%7D&amp;mode=play&amp;logo_url=http%3A%2F%2Fportal.iptvprivateserver.tv%2Fstalker_portal%2Fmisc%2Flogos%2F320%2F843.png&amp;sf_options=winID%3D10025%26_options_sf&quot;)</favourite>
	<favourite name="Nick Jr Latinoamerica" thumb="http://portal.iptvprivateserver.tv/stalker_portal/misc/logos/320/239.png">PlayMedia(&quot;plugin://plugin.video.iptvtelpro/?tmp=1&amp;genre_name=%5B%27All%27%5D&amp;title=Nick+Jr+Latinoamerica&amp;cmd=ffrt2+http%3A%2F%2Flocalhost%2Fch%2F417&amp;portal=%7B%22name%22%3A+%22NFPS%22%2C+%22parental%22%3A+%22%22%2C+%22url%22%3A+%22http%3A%2F%2Fportal.iptvprivateserver.tv%22%2C+%22mac%22%3A+%2200%3A1A%3A78%3A12%3A34%3A79%22%2C+%22serial%22%3A+%7B%22custom%22%3A+false%7D%2C+%22password%22%3A+%22%22%7D&amp;mode=play&amp;logo_url=http%3A%2F%2Fportal.iptvprivateserver.tv%2Fstalker_portal%2Fmisc%2Flogos%2F320%2F239.png&amp;sf_options=winID%3D10025%26_options_sf&quot;)</favourite>
	<favourite name="Discovery Kids America Latina" thumb="http://portal.iptvprivateserver.tv/stalker_portal/misc/logos/320/131.png">PlayMedia(&quot;plugin://plugin.video.iptvtelpro/?tmp=1&amp;genre_name=%5B%27All%27%5D&amp;title=Discovery+Kids+America+Latina&amp;cmd=ffrt2+http%3A%2F%2Flocalhost%2Fch%2F309&amp;portal=%7B%22name%22%3A+%22NFPS%22%2C+%22parental%22%3A+%22%22%2C+%22url%22%3A+%22http%3A%2F%2Fportal.iptvprivateserver.tv%22%2C+%22mac%22%3A+%2200%3A1A%3A78%3A12%3A34%3A79%22%2C+%22serial%22%3A+%7B%22custom%22%3A+false%7D%2C+%22password%22%3A+%22%22%7D&amp;mode=play&amp;logo_url=http%3A%2F%2Fportal.iptvprivateserver.tv%2Fstalker_portal%2Fmisc%2Flogos%2F320%2F131.png&amp;sf_options=winID%3D10025%26_options_sf&quot;)</favourite>
	<favourite name="Cartoon Network Latinoamerica" thumb="http://portal.iptvprivateserver.tv/stalker_portal/misc/logos/320/133.png">PlayMedia(&quot;plugin://plugin.video.iptvtelpro/?tmp=1&amp;genre_name=%5B%27All%27%5D&amp;title=Cartoon+Network+Latinoamerica&amp;cmd=ffrt2+http%3A%2F%2Flocalhost%2Fch%2F421&amp;portal=%7B%22name%22%3A+%22NFPS%22%2C+%22parental%22%3A+%22%22%2C+%22url%22%3A+%22http%3A%2F%2Fportal.iptvprivateserver.tv%22%2C+%22mac%22%3A+%2200%3A1A%3A78%3A12%3A34%3A79%22%2C+%22serial%22%3A+%7B%22custom%22%3A+false%7D%2C+%22password%22%3A+%22%22%7D&amp;mode=play&amp;logo_url=http%3A%2F%2Fportal.iptvprivateserver.tv%2Fstalker_portal%2Fmisc%2Flogos%2F320%2F133.png&amp;sf_options=winID%3D10025%26_options_sf&quot;)</favourite>
	<favourite name="Boomerang Latinoamerica" thumb="http://portal.iptvprivateserver.tv/stalker_portal/misc/logos/320/135.png">PlayMedia(&quot;plugin://plugin.video.iptvtelpro/?tmp=1&amp;genre_name=%5B%27All%27%5D&amp;title=Boomerang+Latinoamerica&amp;cmd=ffrt2+http%3A%2F%2Flocalhost%2Fch%2F2507&amp;portal=%7B%22name%22%3A+%22NFPS%22%2C+%22parental%22%3A+%22%22%2C+%22url%22%3A+%22http%3A%2F%2Fportal.iptvprivateserver.tv%22%2C+%22mac%22%3A+%2200%3A1A%3A78%3A12%3A34%3A79%22%2C+%22serial%22%3A+%7B%22custom%22%3A+false%7D%2C+%22password%22%3A+%22%22%7D&amp;mode=play&amp;logo_url=http%3A%2F%2Fportal.iptvprivateserver.tv%2Fstalker_portal%2Fmisc%2Flogos%2F320%2F135.png&amp;sf_options=winID%3D10025%26_options_sf&quot;)</favourite>
	<favourite name="Tooncast" thumb="http://portal.iptvprivateserver.tv/stalker_portal/misc/logos/320/137.png">PlayMedia(&quot;plugin://plugin.video.iptvtelpro/?tmp=1&amp;genre_name=%5B%27All%27%5D&amp;title=Tooncast&amp;cmd=ffrt2+http%3A%2F%2Flocalhost%2Fch%2F443&amp;portal=%7B%22name%22%3A+%22NFPS%22%2C+%22parental%22%3A+%22%22%2C+%22url%22%3A+%22http%3A%2F%2Fportal.iptvprivateserver.tv%22%2C+%22mac%22%3A+%2200%3A1A%3A78%3A12%3A34%3A79%22%2C+%22serial%22%3A+%7B%22custom%22%3A+false%7D%2C+%22password%22%3A+%22%22%7D&amp;mode=play&amp;logo_url=http%3A%2F%2Fportal.iptvprivateserver.tv%2Fstalker_portal%2Fmisc%2Flogos%2F320%2F137.png&amp;sf_options=winID%3D10025%26_options_sf&quot;)</favourite>
	<favourite name="Baby TV Latinoamerica" thumb="http://portal.iptvprivateserver.tv/stalker_portal/misc/logos/320/139.png">PlayMedia(&quot;plugin://plugin.video.iptvtelpro/?tmp=1&amp;genre_name=%5B%27All%27%5D&amp;title=Baby+TV+Latinoamerica&amp;cmd=ffrt2+http%3A%2F%2Flocalhost%2Fch%2F317&amp;portal=%7B%22name%22%3A+%22NFPS%22%2C+%22parental%22%3A+%22%22%2C+%22url%22%3A+%22http%3A%2F%2Fportal.iptvprivateserver.tv%22%2C+%22mac%22%3A+%2200%3A1A%3A78%3A12%3A34%3A79%22%2C+%22serial%22%3A+%7B%22custom%22%3A+false%7D%2C+%22password%22%3A+%22%22%7D&amp;mode=play&amp;logo_url=http%3A%2F%2Fportal.iptvprivateserver.tv%2Fstalker_portal%2Fmisc%2Flogos%2F320%2F139.png&amp;sf_options=winID%3D10025%26_options_sf&quot;)</favourite>
	<favourite name="CBeebies Latinoamerica" thumb="http://portal.iptvprivateserver.tv/stalker_portal/misc/logos/320/609.png">PlayMedia(&quot;plugin://plugin.video.iptvtelpro/?tmp=1&amp;genre_name=%5B%27All%27%5D&amp;title=CBeebies+Latinoamerica&amp;cmd=ffrt2+http%3A%2F%2Flocalhost%2Fch%2F1029&amp;portal=%7B%22name%22%3A+%22NFPS%22%2C+%22parental%22%3A+%22%22%2C+%22url%22%3A+%22http%3A%2F%2Fportal.iptvprivateserver.tv%22%2C+%22mac%22%3A+%2200%3A1A%3A78%3A12%3A34%3A79%22%2C+%22serial%22%3A+%7B%22custom%22%3A+false%7D%2C+%22password%22%3A+%22%22%7D&amp;mode=play&amp;logo_url=http%3A%2F%2Fportal.iptvprivateserver.tv%2Fstalker_portal%2Fmisc%2Flogos%2F320%2F609.png&amp;sf_options=winID%3D10025%26_options_sf&quot;)</favourite>
	<favourite name="Canal Sony" thumb="http://portal.iptvprivateserver.tv/stalker_portal/misc/logos/320/837.png">PlayMedia(&quot;plugin://plugin.video.iptvtelpro/?tmp=1&amp;genre_name=%5B%27All%27%5D&amp;title=Canal+Sony&amp;cmd=ffrt2+http%3A%2F%2Flocalhost%2Fch%2F2501&amp;portal=%7B%22name%22%3A+%22NFPS%22%2C+%22parental%22%3A+%22%22%2C+%22url%22%3A+%22http%3A%2F%2Fportal.iptvprivateserver.tv%22%2C+%22mac%22%3A+%2200%3A1A%3A78%3A12%3A34%3A79%22%2C+%22serial%22%3A+%7B%22custom%22%3A+false%7D%2C+%22password%22%3A+%22%22%7D&amp;mode=play&amp;logo_url=http%3A%2F%2Fportal.iptvprivateserver.tv%2Fstalker_portal%2Fmisc%2Flogos%2F320%2F837.png&amp;sf_options=winID%3D10025%26_options_sf&quot;)</favourite>
	<favourite name="BBC Entertainment Latinoamerica" thumb="http://portal.iptvprivateserver.tv/stalker_portal/misc/logos/320/805.png">PlayMedia(&quot;plugin://plugin.video.iptvtelpro/?tmp=1&amp;genre_name=%5B%27All%27%5D&amp;title=BBC+Entertainment+Latinoamerica&amp;cmd=ffrt2+http%3A%2F%2Flocalhost%2Fch%2F1407&amp;portal=%7B%22name%22%3A+%22NFPS%22%2C+%22parental%22%3A+%22%22%2C+%22url%22%3A+%22http%3A%2F%2Fportal.iptvprivateserver.tv%22%2C+%22mac%22%3A+%2200%3A1A%3A78%3A12%3A34%3A79%22%2C+%22serial%22%3A+%7B%22custom%22%3A+false%7D%2C+%22password%22%3A+%22%22%7D&amp;mode=play&amp;logo_url=http%3A%2F%2Fportal.iptvprivateserver.tv%2Fstalker_portal%2Fmisc%2Flogos%2F320%2F805.png&amp;sf_options=winID%3D10025%26_options_sf&quot;)</favourite>
	<favourite name="Unicable" thumb="http://portal.iptvprivateserver.tv/stalker_portal/misc/logos/320/1393.png">PlayMedia(&quot;plugin://plugin.video.iptvtelpro/?tmp=1&amp;genre_name=%5B%27All%27%5D&amp;title=Unicable&amp;cmd=ffrt2+http%3A%2F%2Flocalhost%2Fch%2F3804&amp;portal=%7B%22name%22%3A+%22NFPS%22%2C+%22parental%22%3A+%22%22%2C+%22url%22%3A+%22http%3A%2F%2Fportal.iptvprivateserver.tv%22%2C+%22mac%22%3A+%2200%3A1A%3A78%3A12%3A34%3A79%22%2C+%22serial%22%3A+%7B%22custom%22%3A+false%7D%2C+%22password%22%3A+%22%22%7D&amp;mode=play&amp;logo_url=http%3A%2F%2Fportal.iptvprivateserver.tv%2Fstalker_portal%2Fmisc%2Flogos%2F320%2F1393.png&amp;sf_options=winID%3D10025%26_options_sf&quot;)</favourite>
	<favourite name="Warner Channel Latinoamerica" thumb="http://portal.iptvprivateserver.tv/stalker_portal/misc/logos/320/839.png">PlayMedia(&quot;plugin://plugin.video.iptvtelpro/?tmp=1&amp;genre_name=%5B%27All%27%5D&amp;title=Warner+Channel+Latinoamerica&amp;cmd=ffrt2+http%3A%2F%2Flocalhost%2Fch%2F2499&amp;portal=%7B%22name%22%3A+%22NFPS%22%2C+%22parental%22%3A+%22%22%2C+%22url%22%3A+%22http%3A%2F%2Fportal.iptvprivateserver.tv%22%2C+%22mac%22%3A+%2200%3A1A%3A78%3A12%3A34%3A79%22%2C+%22serial%22%3A+%7B%22custom%22%3A+false%7D%2C+%22password%22%3A+%22%22%7D&amp;mode=play&amp;logo_url=http%3A%2F%2Fportal.iptvprivateserver.tv%2Fstalker_portal%2Fmisc%2Flogos%2F320%2F839.png&amp;sf_options=winID%3D10025%26_options_sf&quot;)</favourite>
	<favourite name="E! Latinoamerica" thumb="http://portal.iptvprivateserver.tv/stalker_portal/misc/logos/320/141.png">PlayMedia(&quot;plugin://plugin.video.iptvtelpro/?tmp=1&amp;genre_name=%5B%27All%27%5D&amp;title=E%21+Latinoamerica&amp;cmd=ffrt2+http%3A%2F%2Flocalhost%2Fch%2F427&amp;portal=%7B%22name%22%3A+%22NFPS%22%2C+%22parental%22%3A+%22%22%2C+%22url%22%3A+%22http%3A%2F%2Fportal.iptvprivateserver.tv%22%2C+%22mac%22%3A+%2200%3A1A%3A78%3A12%3A34%3A79%22%2C+%22serial%22%3A+%7B%22custom%22%3A+false%7D%2C+%22password%22%3A+%22%22%7D&amp;mode=play&amp;logo_url=http%3A%2F%2Fportal.iptvprivateserver.tv%2Fstalker_portal%2Fmisc%2Flogos%2F320%2F141.png&amp;sf_options=winID%3D10025%26_options_sf&quot;)</favourite>
	<favourite name="FX Latino" thumb="http://portal.iptvprivateserver.tv/stalker_portal/misc/logos/320/143.png">PlayMedia(&quot;plugin://plugin.video.iptvtelpro/?tmp=1&amp;genre_name=%5B%27All%27%5D&amp;title=FX+Latino&amp;cmd=ffrt2+http%3A%2F%2Flocalhost%2Fch%2F431&amp;portal=%7B%22name%22%3A+%22NFPS%22%2C+%22parental%22%3A+%22%22%2C+%22url%22%3A+%22http%3A%2F%2Fportal.iptvprivateserver.tv%22%2C+%22mac%22%3A+%2200%3A1A%3A78%3A12%3A34%3A79%22%2C+%22serial%22%3A+%7B%22custom%22%3A+false%7D%2C+%22password%22%3A+%22%22%7D&amp;mode=play&amp;logo_url=http%3A%2F%2Fportal.iptvprivateserver.tv%2Fstalker_portal%2Fmisc%2Flogos%2F320%2F143.png&amp;sf_options=winID%3D10025%26_options_sf&quot;)</favourite>
	<favourite name="Universal Channel America Latina" thumb="http://portal.iptvprivateserver.tv/stalker_portal/misc/logos/320/209.png">PlayMedia(&quot;plugin://plugin.video.iptvtelpro/?tmp=1&amp;genre_name=%5B%27All%27%5D&amp;title=Universal+Channel+America+Latina&amp;cmd=ffrt2+http%3A%2F%2Flocalhost%2Fch%2F387&amp;portal=%7B%22name%22%3A+%22NFPS%22%2C+%22parental%22%3A+%22%22%2C+%22url%22%3A+%22http%3A%2F%2Fportal.iptvprivateserver.tv%22%2C+%22mac%22%3A+%2200%3A1A%3A78%3A12%3A34%3A79%22%2C+%22serial%22%3A+%7B%22custom%22%3A+false%7D%2C+%22password%22%3A+%22%22%7D&amp;mode=play&amp;logo_url=http%3A%2F%2Fportal.iptvprivateserver.tv%2Fstalker_portal%2Fmisc%2Flogos%2F320%2F209.png&amp;sf_options=winID%3D10025%26_options_sf&quot;)</favourite>
	<favourite name="Fox Latinoamerica" thumb="http://portal.iptvprivateserver.tv/stalker_portal/misc/logos/320/821.png">PlayMedia(&quot;plugin://plugin.video.iptvtelpro/?tmp=1&amp;genre_name=%5B%27All%27%5D&amp;title=Fox+Latinoamerica&amp;cmd=ffrt2+http%3A%2F%2Flocalhost%2Fch%2F3947&amp;portal=%7B%22name%22%3A+%22NFPS%22%2C+%22parental%22%3A+%22%22%2C+%22url%22%3A+%22http%3A%2F%2Fportal.iptvprivateserver.tv%22%2C+%22mac%22%3A+%2200%3A1A%3A78%3A12%3A34%3A79%22%2C+%22serial%22%3A+%7B%22custom%22%3A+false%7D%2C+%22password%22%3A+%22%22%7D&amp;mode=play&amp;logo_url=http%3A%2F%2Fportal.iptvprivateserver.tv%2Fstalker_portal%2Fmisc%2Flogos%2F320%2F821.png&amp;sf_options=winID%3D10025%26_options_sf&quot;)</favourite>
	<favourite name="Syfy Latinoamerica" thumb="http://portal.iptvprivateserver.tv/stalker_portal/misc/logos/320/145.png">PlayMedia(&quot;plugin://plugin.video.iptvtelpro/?tmp=1&amp;genre_name=%5B%27All%27%5D&amp;title=Syfy+Latinoamerica&amp;cmd=ffrt2+http%3A%2F%2Flocalhost%2Fch%2F447&amp;portal=%7B%22name%22%3A+%22NFPS%22%2C+%22parental%22%3A+%22%22%2C+%22url%22%3A+%22http%3A%2F%2Fportal.iptvprivateserver.tv%22%2C+%22mac%22%3A+%2200%3A1A%3A78%3A12%3A34%3A79%22%2C+%22serial%22%3A+%7B%22custom%22%3A+false%7D%2C+%22password%22%3A+%22%22%7D&amp;mode=play&amp;logo_url=http%3A%2F%2Fportal.iptvprivateserver.tv%2Fstalker_portal%2Fmisc%2Flogos%2F320%2F145.png&amp;sf_options=winID%3D10025%26_options_sf&quot;)</favourite>
	<favourite name="A&amp;E Latinoamerica" thumb="http://portal.iptvprivateserver.tv/stalker_portal/misc/logos/320/43.png">PlayMedia(&quot;plugin://plugin.video.iptvtelpro/?tmp=1&amp;genre_name=%5B%27All%27%5D&amp;title=A%26E+Latinoamerica&amp;cmd=ffrt2+http%3A%2F%2Flocalhost%2Fch%2F258&amp;portal=%7B%22name%22%3A+%22NFPS%22%2C+%22parental%22%3A+%22%22%2C+%22url%22%3A+%22http%3A%2F%2Fportal.iptvprivateserver.tv%22%2C+%22mac%22%3A+%2200%3A1A%3A78%3A12%3A34%3A79%22%2C+%22serial%22%3A+%7B%22custom%22%3A+false%7D%2C+%22password%22%3A+%22%22%7D&amp;mode=play&amp;logo_url=http%3A%2F%2Fportal.iptvprivateserver.tv%2Fstalker_portal%2Fmisc%2Flogos%2F320%2F43.png&amp;sf_options=winID%3D10025%26_options_sf&quot;)</favourite>
	<favourite name="Investigation Discovery Latinoamerica" thumb="http://portal.iptvprivateserver.tv/stalker_portal/misc/logos/320/147.png">PlayMedia(&quot;plugin://plugin.video.iptvtelpro/?tmp=1&amp;genre_name=%5B%27All%27%5D&amp;title=Investigation+Discovery+Latinoamerica&amp;cmd=ffrt2+http%3A%2F%2Flocalhost%2Fch%2F455&amp;portal=%7B%22name%22%3A+%22NFPS%22%2C+%22parental%22%3A+%22%22%2C+%22url%22%3A+%22http%3A%2F%2Fportal.iptvprivateserver.tv%22%2C+%22mac%22%3A+%2200%3A1A%3A78%3A12%3A34%3A79%22%2C+%22serial%22%3A+%7B%22custom%22%3A+false%7D%2C+%22password%22%3A+%22%22%7D&amp;mode=play&amp;logo_url=http%3A%2F%2Fportal.iptvprivateserver.tv%2Fstalker_portal%2Fmisc%2Flogos%2F320%2F147.png&amp;sf_options=winID%3D10025%26_options_sf&quot;)</favourite>
	<favourite name="TLC Latinoamerica" thumb="http://portal.iptvprivateserver.tv/stalker_portal/misc/logos/320/149.png">PlayMedia(&quot;plugin://plugin.video.iptvtelpro/?tmp=1&amp;genre_name=%5B%27All%27%5D&amp;title=TLC+Latinoamerica&amp;cmd=ffrt2+http%3A%2F%2Flocalhost%2Fch%2F327&amp;portal=%7B%22name%22%3A+%22NFPS%22%2C+%22parental%22%3A+%22%22%2C+%22url%22%3A+%22http%3A%2F%2Fportal.iptvprivateserver.tv%22%2C+%22mac%22%3A+%2200%3A1A%3A78%3A12%3A34%3A79%22%2C+%22serial%22%3A+%7B%22custom%22%3A+false%7D%2C+%22password%22%3A+%22%22%7D&amp;mode=play&amp;logo_url=http%3A%2F%2Fportal.iptvprivateserver.tv%2Fstalker_portal%2Fmisc%2Flogos%2F320%2F149.png&amp;sf_options=winID%3D10025%26_options_sf&quot;)</favourite>
	<favourite name="AXN Latinoamerica" thumb="http://portal.iptvprivateserver.tv/stalker_portal/misc/logos/320/833.png">PlayMedia(&quot;plugin://plugin.video.iptvtelpro/?tmp=1&amp;genre_name=%5B%27All%27%5D&amp;title=AXN+Latinoamerica&amp;cmd=ffrt2+http%3A%2F%2Flocalhost%2Fch%2F2493&amp;portal=%7B%22name%22%3A+%22NFPS%22%2C+%22parental%22%3A+%22%22%2C+%22url%22%3A+%22http%3A%2F%2Fportal.iptvprivateserver.tv%22%2C+%22mac%22%3A+%2200%3A1A%3A78%3A12%3A34%3A79%22%2C+%22serial%22%3A+%7B%22custom%22%3A+false%7D%2C+%22password%22%3A+%22%22%7D&amp;mode=play&amp;logo_url=http%3A%2F%2Fportal.iptvprivateserver.tv%2Fstalker_portal%2Fmisc%2Flogos%2F320%2F833.png&amp;sf_options=winID%3D10025%26_options_sf&quot;)</favourite>
	<favourite name="Eurochannel" thumb="http://portal.iptvprivateserver.tv/stalker_portal/misc/logos/320/939.png">PlayMedia(&quot;plugin://plugin.video.iptvtelpro/?tmp=1&amp;genre_name=%5B%27All%27%5D&amp;title=Eurochannel&amp;cmd=ffrt2+http%3A%2F%2Flocalhost%2Fch%2F4912&amp;portal=%7B%22name%22%3A+%22NFPS%22%2C+%22parental%22%3A+%22%22%2C+%22url%22%3A+%22http%3A%2F%2Fportal.iptvprivateserver.tv%22%2C+%22mac%22%3A+%2200%3A1A%3A78%3A12%3A34%3A79%22%2C+%22serial%22%3A+%7B%22custom%22%3A+false%7D%2C+%22password%22%3A+%22%22%7D&amp;mode=play&amp;logo_url=http%3A%2F%2Fportal.iptvprivateserver.tv%2Fstalker_portal%2Fmisc%2Flogos%2F320%2F939.png&amp;sf_options=winID%3D10025%26_options_sf&quot;)</favourite>
	<favourite name="MundoFox" thumb="http://portal.iptvprivateserver.tv/stalker_portal/misc/logos/320/151.png">PlayMedia(&quot;plugin://plugin.video.iptvtelpro/?tmp=1&amp;genre_name=%5B%27All%27%5D&amp;title=MundoFox&amp;cmd=ffrt2+http%3A%2F%2Flocalhost%2Fch%2F429&amp;portal=%7B%22name%22%3A+%22NFPS%22%2C+%22parental%22%3A+%22%22%2C+%22url%22%3A+%22http%3A%2F%2Fportal.iptvprivateserver.tv%22%2C+%22mac%22%3A+%2200%3A1A%3A78%3A12%3A34%3A79%22%2C+%22serial%22%3A+%7B%22custom%22%3A+false%7D%2C+%22password%22%3A+%22%22%7D&amp;mode=play&amp;logo_url=http%3A%2F%2Fportal.iptvprivateserver.tv%2Fstalker_portal%2Fmisc%2Flogos%2F320%2F151.png&amp;sf_options=winID%3D10025%26_options_sf&quot;)</favourite>
	<favourite name="TNT Series Latinoamerica" thumb="http://portal.iptvprivateserver.tv/stalker_portal/misc/logos/320/153.png">PlayMedia(&quot;plugin://plugin.video.iptvtelpro/?tmp=1&amp;genre_name=%5B%27All%27%5D&amp;title=TNT+Series+Latinoamerica&amp;cmd=ffrt2+http%3A%2F%2Flocalhost%2Fch%2F331&amp;portal=%7B%22name%22%3A+%22NFPS%22%2C+%22parental%22%3A+%22%22%2C+%22url%22%3A+%22http%3A%2F%2Fportal.iptvprivateserver.tv%22%2C+%22mac%22%3A+%2200%3A1A%3A78%3A12%3A34%3A79%22%2C+%22serial%22%3A+%7B%22custom%22%3A+false%7D%2C+%22password%22%3A+%22%22%7D&amp;mode=play&amp;logo_url=http%3A%2F%2Fportal.iptvprivateserver.tv%2Fstalker_portal%2Fmisc%2Flogos%2F320%2F153.png&amp;sf_options=winID%3D10025%26_options_sf&quot;)</favourite>
	<favourite name="Elgourmet" thumb="http://portal.iptvprivateserver.tv/stalker_portal/misc/logos/320/613.png">PlayMedia(&quot;plugin://plugin.video.iptvtelpro/?tmp=1&amp;genre_name=%5B%27All%27%5D&amp;title=Elgourmet&amp;cmd=ffrt2+http%3A%2F%2Flocalhost%2Fch%2F1033&amp;portal=%7B%22name%22%3A+%22NFPS%22%2C+%22parental%22%3A+%22%22%2C+%22url%22%3A+%22http%3A%2F%2Fportal.iptvprivateserver.tv%22%2C+%22mac%22%3A+%2200%3A1A%3A78%3A12%3A34%3A79%22%2C+%22serial%22%3A+%7B%22custom%22%3A+false%7D%2C+%22password%22%3A+%22%22%7D&amp;mode=play&amp;logo_url=http%3A%2F%2Fportal.iptvprivateserver.tv%2Fstalker_portal%2Fmisc%2Flogos%2F320%2F613.png&amp;sf_options=winID%3D10025%26_options_sf&quot;)</favourite>
	<favourite name="Casa Club TV" thumb="http://portal.iptvprivateserver.tv/stalker_portal/misc/logos/320/861.png">PlayMedia(&quot;plugin://plugin.video.iptvtelpro/?tmp=1&amp;genre_name=%5B%27All%27%5D&amp;title=Casa+Club+TV&amp;cmd=ffrt2+http%3A%2F%2Flocalhost%2Fch%2F1475&amp;portal=%7B%22name%22%3A+%22NFPS%22%2C+%22parental%22%3A+%22%22%2C+%22url%22%3A+%22http%3A%2F%2Fportal.iptvprivateserver.tv%22%2C+%22mac%22%3A+%2200%3A1A%3A78%3A12%3A34%3A79%22%2C+%22serial%22%3A+%7B%22custom%22%3A+false%7D%2C+%22password%22%3A+%22%22%7D&amp;mode=play&amp;logo_url=http%3A%2F%2Fportal.iptvprivateserver.tv%2Fstalker_portal%2Fmisc%2Flogos%2F320%2F861.png&amp;sf_options=winID%3D10025%26_options_sf&quot;)</favourite>
	<favourite name="TBS America Latina" thumb="http://portal.iptvprivateserver.tv/stalker_portal/misc/logos/320/155.png">PlayMedia(&quot;plugin://plugin.video.iptvtelpro/?tmp=1&amp;genre_name=%5B%27All%27%5D&amp;title=TBS+America+Latina&amp;cmd=ffrt2+http%3A%2F%2Flocalhost%2Fch%2F333&amp;portal=%7B%22name%22%3A+%22NFPS%22%2C+%22parental%22%3A+%22%22%2C+%22url%22%3A+%22http%3A%2F%2Fportal.iptvprivateserver.tv%22%2C+%22mac%22%3A+%2200%3A1A%3A78%3A12%3A34%3A79%22%2C+%22serial%22%3A+%7B%22custom%22%3A+false%7D%2C+%22password%22%3A+%22%22%7D&amp;mode=play&amp;logo_url=http%3A%2F%2Fportal.iptvprivateserver.tv%2Fstalker_portal%2Fmisc%2Flogos%2F320%2F155.png&amp;sf_options=winID%3D10025%26_options_sf&quot;)</favourite>
	<favourite name="Glitz Latinoamerica" thumb="http://portal.iptvprivateserver.tv/stalker_portal/misc/logos/320/859.png">PlayMedia(&quot;plugin://plugin.video.iptvtelpro/?tmp=1&amp;genre_name=%5B%27All%27%5D&amp;title=Glitz+Latinoamerica&amp;cmd=ffrt2+http%3A%2F%2Flocalhost%2Fch%2F1473&amp;portal=%7B%22name%22%3A+%22NFPS%22%2C+%22parental%22%3A+%22%22%2C+%22url%22%3A+%22http%3A%2F%2Fportal.iptvprivateserver.tv%22%2C+%22mac%22%3A+%2200%3A1A%3A78%3A12%3A34%3A79%22%2C+%22serial%22%3A+%7B%22custom%22%3A+false%7D%2C+%22password%22%3A+%22%22%7D&amp;mode=play&amp;logo_url=http%3A%2F%2Fportal.iptvprivateserver.tv%2Fstalker_portal%2Fmisc%2Flogos%2F320%2F859.png&amp;sf_options=winID%3D10025%26_options_sf&quot;)</favourite>
	<favourite name="FOX Life" thumb="http://portal.iptvprivateserver.tv/stalker_portal/misc/logos/320/157.png">PlayMedia(&quot;plugin://plugin.video.iptvtelpro/?tmp=1&amp;genre_name=%5B%27All%27%5D&amp;title=FOX+Life&amp;cmd=ffrt2+http%3A%2F%2Flocalhost%2Fch%2F425&amp;portal=%7B%22name%22%3A+%22NFPS%22%2C+%22parental%22%3A+%22%22%2C+%22url%22%3A+%22http%3A%2F%2Fportal.iptvprivateserver.tv%22%2C+%22mac%22%3A+%2200%3A1A%3A78%3A12%3A34%3A79%22%2C+%22serial%22%3A+%7B%22custom%22%3A+false%7D%2C+%22password%22%3A+%22%22%7D&amp;mode=play&amp;logo_url=http%3A%2F%2Fportal.iptvprivateserver.tv%2Fstalker_portal%2Fmisc%2Flogos%2F320%2F157.png&amp;sf_options=winID%3D10025%26_options_sf&quot;)</favourite>
	<favourite name="Distrito Comedia" thumb="http://portal.iptvprivateserver.tv/stalker_portal/misc/logos/320/879.png">PlayMedia(&quot;plugin://plugin.video.iptvtelpro/?tmp=1&amp;genre_name=%5B%27All%27%5D&amp;title=Distrito+Comedia&amp;cmd=ffrt2+http%3A%2F%2Flocalhost%2Fch%2F1491&amp;portal=%7B%22name%22%3A+%22NFPS%22%2C+%22parental%22%3A+%22%22%2C+%22url%22%3A+%22http%3A%2F%2Fportal.iptvprivateserver.tv%22%2C+%22mac%22%3A+%2200%3A1A%3A78%3A12%3A34%3A79%22%2C+%22serial%22%3A+%7B%22custom%22%3A+false%7D%2C+%22password%22%3A+%22%22%7D&amp;mode=play&amp;logo_url=http%3A%2F%2Fportal.iptvprivateserver.tv%2Fstalker_portal%2Fmisc%2Flogos%2F320%2F879.png&amp;sf_options=winID%3D10025%26_options_sf&quot;)</favourite>
	<favourite name="Comedy Central Latinoamerica" thumb="http://portal.iptvprivateserver.tv/stalker_portal/misc/logos/320/617.png">PlayMedia(&quot;plugin://plugin.video.iptvtelpro/?tmp=1&amp;genre_name=%5B%27All%27%5D&amp;title=Comedy+Central+Latinoamerica&amp;cmd=ffrt2+http%3A%2F%2Flocalhost%2Fch%2F1037&amp;portal=%7B%22name%22%3A+%22NFPS%22%2C+%22parental%22%3A+%22%22%2C+%22url%22%3A+%22http%3A%2F%2Fportal.iptvprivateserver.tv%22%2C+%22mac%22%3A+%2200%3A1A%3A78%3A12%3A34%3A79%22%2C+%22serial%22%3A+%7B%22custom%22%3A+false%7D%2C+%22password%22%3A+%22%22%7D&amp;mode=play&amp;logo_url=http%3A%2F%2Fportal.iptvprivateserver.tv%2Fstalker_portal%2Fmisc%2Flogos%2F320%2F617.png&amp;sf_options=winID%3D10025%26_options_sf&quot;)</favourite>
	<favourite name="Efekto TV" thumb="http://portal.iptvprivateserver.tv/stalker_portal/misc/logos/320/619.png">PlayMedia(&quot;plugin://plugin.video.iptvtelpro/?tmp=1&amp;genre_name=%5B%27All%27%5D&amp;title=Efekto+TV&amp;cmd=ffrt2+http%3A%2F%2Flocalhost%2Fch%2F1039&amp;portal=%7B%22name%22%3A+%22NFPS%22%2C+%22parental%22%3A+%22%22%2C+%22url%22%3A+%22http%3A%2F%2Fportal.iptvprivateserver.tv%22%2C+%22mac%22%3A+%2200%3A1A%3A78%3A12%3A34%3A79%22%2C+%22serial%22%3A+%7B%22custom%22%3A+false%7D%2C+%22password%22%3A+%22%22%7D&amp;mode=play&amp;logo_url=http%3A%2F%2Fportal.iptvprivateserver.tv%2Fstalker_portal%2Fmisc%2Flogos%2F320%2F619.png&amp;sf_options=winID%3D10025%26_options_sf&quot;)</favourite>
	<favourite name="Tru TV America Latina" thumb="http://portal.iptvprivateserver.tv/stalker_portal/misc/logos/320/159.png">PlayMedia(&quot;plugin://plugin.video.iptvtelpro/?tmp=1&amp;genre_name=%5B%27All%27%5D&amp;title=Tru+TV+America+Latina&amp;cmd=ffrt2+http%3A%2F%2Flocalhost%2Fch%2F337&amp;portal=%7B%22name%22%3A+%22NFPS%22%2C+%22parental%22%3A+%22%22%2C+%22url%22%3A+%22http%3A%2F%2Fportal.iptvprivateserver.tv%22%2C+%22mac%22%3A+%2200%3A1A%3A78%3A12%3A34%3A79%22%2C+%22serial%22%3A+%7B%22custom%22%3A+false%7D%2C+%22password%22%3A+%22%22%7D&amp;mode=play&amp;logo_url=http%3A%2F%2Fportal.iptvprivateserver.tv%2Fstalker_portal%2Fmisc%2Flogos%2F320%2F159.png&amp;sf_options=winID%3D10025%26_options_sf&quot;)</favourite>
	<favourite name="Multimedios Plus" thumb="http://portal.iptvprivateserver.tv/stalker_portal/misc/logos/320/845.png">PlayMedia(&quot;plugin://plugin.video.iptvtelpro/?tmp=1&amp;genre_name=%5B%27All%27%5D&amp;title=Multimedios+Plus&amp;cmd=ffrt2+http%3A%2F%2Flocalhost%2Fch%2F1459&amp;portal=%7B%22name%22%3A+%22NFPS%22%2C+%22parental%22%3A+%22%22%2C+%22url%22%3A+%22http%3A%2F%2Fportal.iptvprivateserver.tv%22%2C+%22mac%22%3A+%2200%3A1A%3A78%3A12%3A34%3A79%22%2C+%22serial%22%3A+%7B%22custom%22%3A+false%7D%2C+%22password%22%3A+%22%22%7D&amp;mode=play&amp;logo_url=http%3A%2F%2Fportal.iptvprivateserver.tv%2Fstalker_portal%2Fmisc%2Flogos%2F320%2F845.png&amp;sf_options=winID%3D10025%26_options_sf&quot;)</favourite>
	<favourite name="Lifetime Latinoamerica" thumb="http://portal.iptvprivateserver.tv/stalker_portal/misc/logos/320/161.png">PlayMedia(&quot;plugin://plugin.video.iptvtelpro/?tmp=1&amp;genre_name=%5B%27All%27%5D&amp;title=Lifetime+Latinoamerica&amp;cmd=ffrt2+http%3A%2F%2Flocalhost%2Fch%2F423&amp;portal=%7B%22name%22%3A+%22NFPS%22%2C+%22parental%22%3A+%22%22%2C+%22url%22%3A+%22http%3A%2F%2Fportal.iptvprivateserver.tv%22%2C+%22mac%22%3A+%2200%3A1A%3A78%3A12%3A34%3A79%22%2C+%22serial%22%3A+%7B%22custom%22%3A+false%7D%2C+%22password%22%3A+%22%22%7D&amp;mode=play&amp;logo_url=http%3A%2F%2Fportal.iptvprivateserver.tv%2Fstalker_portal%2Fmisc%2Flogos%2F320%2F161.png&amp;sf_options=winID%3D10025%26_options_sf&quot;)</favourite>
	<favourite name="CNN en Español" thumb="http://portal.iptvprivateserver.tv/stalker_portal/misc/logos/320/213.png">PlayMedia(&quot;plugin://plugin.video.iptvtelpro/?tmp=1&amp;genre_name=%5B%27All%27%5D&amp;title=CNN+en+Espa%C3%B1ol&amp;cmd=ffrt2+http%3A%2F%2Flocalhost%2Fch%2F1855&amp;portal=%7B%22name%22%3A+%22NFPS%22%2C+%22parental%22%3A+%22%22%2C+%22url%22%3A+%22http%3A%2F%2Fportal.iptvprivateserver.tv%22%2C+%22mac%22%3A+%2200%3A1A%3A78%3A12%3A34%3A79%22%2C+%22serial%22%3A+%7B%22custom%22%3A+false%7D%2C+%22password%22%3A+%22%22%7D&amp;mode=play&amp;logo_url=http%3A%2F%2Fportal.iptvprivateserver.tv%2Fstalker_portal%2Fmisc%2Flogos%2F320%2F213.png&amp;sf_options=winID%3D10025%26_options_sf&quot;)</favourite>
	<favourite name="El Financiero Bloomberg" thumb="http://portal.iptvprivateserver.tv/stalker_portal/misc/logos/320/1391.png">PlayMedia(&quot;plugin://plugin.video.iptvtelpro/?tmp=1&amp;genre_name=%5B%27All%27%5D&amp;title=El+Financiero+Bloomberg&amp;cmd=ffrt2+http%3A%2F%2Flocalhost%2Fch%2F2823&amp;portal=%7B%22name%22%3A+%22NFPS%22%2C+%22parental%22%3A+%22%22%2C+%22url%22%3A+%22http%3A%2F%2Fportal.iptvprivateserver.tv%22%2C+%22mac%22%3A+%2200%3A1A%3A78%3A12%3A34%3A79%22%2C+%22serial%22%3A+%7B%22custom%22%3A+false%7D%2C+%22password%22%3A+%22%22%7D&amp;mode=play&amp;logo_url=http%3A%2F%2Fportal.iptvprivateserver.tv%2Fstalker_portal%2Fmisc%2Flogos%2F320%2F1391.png&amp;sf_options=winID%3D10025%26_options_sf&quot;)</favourite>
	<favourite name="Azteca Noticias" thumb="http://portal.iptvprivateserver.tv/stalker_portal/misc/logos/320/291.png">PlayMedia(&quot;plugin://plugin.video.iptvtelpro/?tmp=0&amp;genre_name=%5B%27All%27%5D&amp;title=Azteca+Noticias&amp;cmd=http%3A%2F%2Furtmpkal-f.akamaihd.net%2Fi%2F077zoqxzy_1%40130091%2Findex_3_av-p.m3u8&amp;portal=%7B%22name%22%3A+%22NFPS%22%2C+%22parental%22%3A+%22%22%2C+%22url%22%3A+%22http%3A%2F%2Fportal.iptvprivateserver.tv%22%2C+%22mac%22%3A+%2200%3A1A%3A78%3A12%3A34%3A79%22%2C+%22serial%22%3A+%7B%22custom%22%3A+false%7D%2C+%22password%22%3A+%22%22%7D&amp;mode=play&amp;logo_url=http%3A%2F%2Fportal.iptvprivateserver.tv%2Fstalker_portal%2Fmisc%2Flogos%2F320%2F291.png&amp;sf_options=winID%3D10025%26_options_sf&quot;)</favourite>
	<favourite name="NTN 24" thumb="http://portal.iptvprivateserver.tv/stalker_portal/misc/logos/320/945.png">PlayMedia(&quot;plugin://plugin.video.iptvtelpro/?tmp=1&amp;genre_name=%5B%27All%27%5D&amp;title=NTN+24&amp;cmd=ffrt2+http%3A%2F%2Flocalhost%2Fch%2F1601&amp;portal=%7B%22name%22%3A+%22NFPS%22%2C+%22parental%22%3A+%22%22%2C+%22url%22%3A+%22http%3A%2F%2Fportal.iptvprivateserver.tv%22%2C+%22mac%22%3A+%2200%3A1A%3A78%3A12%3A34%3A79%22%2C+%22serial%22%3A+%7B%22custom%22%3A+false%7D%2C+%22password%22%3A+%22%22%7D&amp;mode=play&amp;logo_url=http%3A%2F%2Fportal.iptvprivateserver.tv%2Fstalker_portal%2Fmisc%2Flogos%2F320%2F945.png&amp;sf_options=winID%3D10025%26_options_sf&quot;)</favourite>
	<favourite name="CB24" thumb="http://portal.iptvprivateserver.tv/stalker_portal/misc/logos/320/1595.png">PlayMedia(&quot;plugin://plugin.video.iptvtelpro/?tmp=0&amp;genre_name=%5B%27All%27%5D&amp;title=CB24&amp;cmd=ffrt2+rtmp%3A%2F%2Fipointcablertmp.tulix.tv%3A1935%2Fcb24stream%2FmyStream.sdp&amp;portal=%7B%22name%22%3A+%22NFPS%22%2C+%22parental%22%3A+%22%22%2C+%22url%22%3A+%22http%3A%2F%2Fportal.iptvprivateserver.tv%22%2C+%22mac%22%3A+%2200%3A1A%3A78%3A12%3A34%3A79%22%2C+%22serial%22%3A+%7B%22custom%22%3A+false%7D%2C+%22password%22%3A+%22%22%7D&amp;mode=play&amp;logo_url=http%3A%2F%2Fportal.iptvprivateserver.tv%2Fstalker_portal%2Fmisc%2Flogos%2F320%2F1595.png&amp;sf_options=winID%3D10025%26_options_sf&quot;)</favourite>
	<favourite name="Euronews en Español" thumb="http://portal.iptvprivateserver.tv/stalker_portal/misc/logos/320/1459.png">PlayMedia(&quot;plugin://plugin.video.iptvtelpro/?tmp=0&amp;genre_name=%5B%27All%27%5D&amp;title=Euronews+en+Espa%C3%B1ol&amp;cmd=ffrt2+rtsp%3A%2F%2Fewns-hls-b-stream.hexaglobe.net%2Frtpeuronewslive%2Fes_vidan750_rtp.sdp&amp;portal=%7B%22name%22%3A+%22NFPS%22%2C+%22parental%22%3A+%22%22%2C+%22url%22%3A+%22http%3A%2F%2Fportal.iptvprivateserver.tv%22%2C+%22mac%22%3A+%2200%3A1A%3A78%3A12%3A34%3A79%22%2C+%22serial%22%3A+%7B%22custom%22%3A+false%7D%2C+%22password%22%3A+%22%22%7D&amp;mode=play&amp;logo_url=http%3A%2F%2Fportal.iptvprivateserver.tv%2Fstalker_portal%2Fmisc%2Flogos%2F320%2F1459.png&amp;sf_options=winID%3D10025%26_options_sf&quot;)</favourite>
	<favourite name="RT en Español" thumb="http://portal.iptvprivateserver.tv/stalker_portal/misc/logos/320/919.png">PlayMedia(&quot;plugin://plugin.video.iptvtelpro/?tmp=0&amp;genre_name=%5B%27All%27%5D&amp;title=RT+en+Espa%C3%B1ol&amp;cmd=http%3A%2F%2Frt-a.akamaihd.net%2Fch_02%40325606%2F720p.m3u8&amp;portal=%7B%22name%22%3A+%22NFPS%22%2C+%22parental%22%3A+%22%22%2C+%22url%22%3A+%22http%3A%2F%2Fportal.iptvprivateserver.tv%22%2C+%22mac%22%3A+%2200%3A1A%3A78%3A12%3A34%3A79%22%2C+%22serial%22%3A+%7B%22custom%22%3A+false%7D%2C+%22password%22%3A+%22%22%7D&amp;mode=play&amp;logo_url=http%3A%2F%2Fportal.iptvprivateserver.tv%2Fstalker_portal%2Fmisc%2Flogos%2F320%2F919.png&amp;sf_options=winID%3D10025%26_options_sf&quot;)</favourite>
	<favourite name="TVE 24h" thumb="http://portal.iptvprivateserver.tv/stalker_portal/misc/logos/320/1610.png">PlayMedia(&quot;plugin://plugin.video.iptvtelpro/?tmp=0&amp;genre_name=%5B%27All%27%5D&amp;title=TVE+24h&amp;cmd=http%3A%2F%2Fiphonelive.rtve.es%2F24H_LV3_IPH%2Fbitrate_2.m3u8&amp;portal=%7B%22name%22%3A+%22NFPS%22%2C+%22parental%22%3A+%22%22%2C+%22url%22%3A+%22http%3A%2F%2Fportal.iptvprivateserver.tv%22%2C+%22mac%22%3A+%2200%3A1A%3A78%3A12%3A34%3A79%22%2C+%22serial%22%3A+%7B%22custom%22%3A+false%7D%2C+%22password%22%3A+%22%22%7D&amp;mode=play&amp;logo_url=http%3A%2F%2Fportal.iptvprivateserver.tv%2Fstalker_portal%2Fmisc%2Flogos%2F320%2F1610.png&amp;sf_options=winID%3D10025%26_options_sf&quot;)</favourite>
	<favourite name="MTV Latinoamerica" thumb="http://portal.iptvprivateserver.tv/stalker_portal/misc/logos/320/829.png">PlayMedia(&quot;plugin://plugin.video.iptvtelpro/?tmp=1&amp;genre_name=%5B%27All%27%5D&amp;title=MTV+Latinoamerica&amp;cmd=ffrt2+http%3A%2F%2Flocalhost%2Fch%2F2491&amp;portal=%7B%22name%22%3A+%22NFPS%22%2C+%22parental%22%3A+%22%22%2C+%22url%22%3A+%22http%3A%2F%2Fportal.iptvprivateserver.tv%22%2C+%22mac%22%3A+%2200%3A1A%3A78%3A12%3A34%3A79%22%2C+%22serial%22%3A+%7B%22custom%22%3A+false%7D%2C+%22password%22%3A+%22%22%7D&amp;mode=play&amp;logo_url=http%3A%2F%2Fportal.iptvprivateserver.tv%2Fstalker_portal%2Fmisc%2Flogos%2F320%2F829.png&amp;sf_options=winID%3D10025%26_options_sf&quot;)</favourite>
	<favourite name="MTV Hits Latinoamerica" thumb="http://portal.iptvprivateserver.tv/stalker_portal/misc/logos/320/883.png">PlayMedia(&quot;plugin://plugin.video.iptvtelpro/?tmp=1&amp;genre_name=%5B%27All%27%5D&amp;title=MTV+Hits+Latinoamerica&amp;cmd=ffrt2+http%3A%2F%2Flocalhost%2Fch%2F1495&amp;portal=%7B%22name%22%3A+%22NFPS%22%2C+%22parental%22%3A+%22%22%2C+%22url%22%3A+%22http%3A%2F%2Fportal.iptvprivateserver.tv%22%2C+%22mac%22%3A+%2200%3A1A%3A78%3A12%3A34%3A79%22%2C+%22serial%22%3A+%7B%22custom%22%3A+false%7D%2C+%22password%22%3A+%22%22%7D&amp;mode=play&amp;logo_url=http%3A%2F%2Fportal.iptvprivateserver.tv%2Fstalker_portal%2Fmisc%2Flogos%2F320%2F883.png&amp;sf_options=winID%3D10025%26_options_sf&quot;)</favourite>
	<favourite name="VH1 Classic Europe" thumb="http://portal.iptvprivateserver.tv/stalker_portal/misc/logos/320/237.png">PlayMedia(&quot;plugin://plugin.video.iptvtelpro/?tmp=1&amp;genre_name=%5B%27All%27%5D&amp;title=VH1+Classic+Europe&amp;cmd=ffrt2+http%3A%2F%2Flocalhost%2Fch%2F415&amp;portal=%7B%22name%22%3A+%22NFPS%22%2C+%22parental%22%3A+%22%22%2C+%22url%22%3A+%22http%3A%2F%2Fportal.iptvprivateserver.tv%22%2C+%22mac%22%3A+%2200%3A1A%3A78%3A12%3A34%3A79%22%2C+%22serial%22%3A+%7B%22custom%22%3A+false%7D%2C+%22password%22%3A+%22%22%7D&amp;mode=play&amp;logo_url=http%3A%2F%2Fportal.iptvprivateserver.tv%2Fstalker_portal%2Fmisc%2Flogos%2F320%2F237.png&amp;sf_options=winID%3D10025%26_options_sf&quot;)</favourite>
	<favourite name="VH1 Latino Norte" thumb="http://portal.iptvprivateserver.tv/stalker_portal/misc/logos/320/227.png">PlayMedia(&quot;plugin://plugin.video.iptvtelpro/?tmp=1&amp;genre_name=%5B%27All%27%5D&amp;title=VH1+Latino+Norte&amp;cmd=ffrt2+http%3A%2F%2Flocalhost%2Fch%2F483&amp;portal=%7B%22name%22%3A+%22NFPS%22%2C+%22parental%22%3A+%22%22%2C+%22url%22%3A+%22http%3A%2F%2Fportal.iptvprivateserver.tv%22%2C+%22mac%22%3A+%2200%3A1A%3A78%3A12%3A34%3A79%22%2C+%22serial%22%3A+%7B%22custom%22%3A+false%7D%2C+%22password%22%3A+%22%22%7D&amp;mode=play&amp;logo_url=http%3A%2F%2Fportal.iptvprivateserver.tv%2Fstalker_portal%2Fmisc%2Flogos%2F320%2F227.png&amp;sf_options=winID%3D10025%26_options_sf&quot;)</favourite>
	<favourite name="K Music" thumb="http://portal.iptvprivateserver.tv/stalker_portal/misc/logos/320/855.png">PlayMedia(&quot;plugin://plugin.video.iptvtelpro/?tmp=1&amp;genre_name=%5B%27All%27%5D&amp;title=K+Music&amp;cmd=ffrt2+http%3A%2F%2Flocalhost%2Fch%2F3467&amp;portal=%7B%22name%22%3A+%22NFPS%22%2C+%22parental%22%3A+%22%22%2C+%22url%22%3A+%22http%3A%2F%2Fportal.iptvprivateserver.tv%22%2C+%22mac%22%3A+%2200%3A1A%3A78%3A12%3A34%3A79%22%2C+%22serial%22%3A+%7B%22custom%22%3A+false%7D%2C+%22password%22%3A+%22%22%7D&amp;mode=play&amp;logo_url=http%3A%2F%2Fportal.iptvprivateserver.tv%2Fstalker_portal%2Fmisc%2Flogos%2F320%2F855.png&amp;sf_options=winID%3D10025%26_options_sf&quot;)</favourite>
	<favourite name="Concert Channel" thumb="http://portal.iptvprivateserver.tv/stalker_portal/misc/logos/320/223.png">PlayMedia(&quot;plugin://plugin.video.iptvtelpro/?tmp=1&amp;genre_name=%5B%27All%27%5D&amp;title=Concert+Channel&amp;cmd=ffrt2+http%3A%2F%2Flocalhost%2Fch%2F479&amp;portal=%7B%22name%22%3A+%22NFPS%22%2C+%22parental%22%3A+%22%22%2C+%22url%22%3A+%22http%3A%2F%2Fportal.iptvprivateserver.tv%22%2C+%22mac%22%3A+%2200%3A1A%3A78%3A12%3A34%3A79%22%2C+%22serial%22%3A+%7B%22custom%22%3A+false%7D%2C+%22password%22%3A+%22%22%7D&amp;mode=play&amp;logo_url=http%3A%2F%2Fportal.iptvprivateserver.tv%2Fstalker_portal%2Fmisc%2Flogos%2F320%2F223.png&amp;sf_options=winID%3D10025%26_options_sf&quot;)</favourite>
	<favourite name="HTV" thumb="http://portal.iptvprivateserver.tv/stalker_portal/misc/logos/320/163.png">PlayMedia(&quot;plugin://plugin.video.iptvtelpro/?tmp=1&amp;genre_name=%5B%27All%27%5D&amp;title=HTV&amp;cmd=ffrt2+http%3A%2F%2Flocalhost%2Fch%2F341&amp;portal=%7B%22name%22%3A+%22NFPS%22%2C+%22parental%22%3A+%22%22%2C+%22url%22%3A+%22http%3A%2F%2Fportal.iptvprivateserver.tv%22%2C+%22mac%22%3A+%2200%3A1A%3A78%3A12%3A34%3A79%22%2C+%22serial%22%3A+%7B%22custom%22%3A+false%7D%2C+%22password%22%3A+%22%22%7D&amp;mode=play&amp;logo_url=http%3A%2F%2Fportal.iptvprivateserver.tv%2Fstalker_portal%2Fmisc%2Flogos%2F320%2F163.png&amp;sf_options=winID%3D10025%26_options_sf&quot;)</favourite>
	<favourite name="Bandamax" thumb="http://portal.iptvprivateserver.tv/stalker_portal/misc/logos/320/853.png">PlayMedia(&quot;plugin://plugin.video.iptvtelpro/?tmp=1&amp;genre_name=%5B%27All%27%5D&amp;title=Bandamax&amp;cmd=ffrt2+http%3A%2F%2Flocalhost%2Fch%2F1467&amp;portal=%7B%22name%22%3A+%22NFPS%22%2C+%22parental%22%3A+%22%22%2C+%22url%22%3A+%22http%3A%2F%2Fportal.iptvprivateserver.tv%22%2C+%22mac%22%3A+%2200%3A1A%3A78%3A12%3A34%3A79%22%2C+%22serial%22%3A+%7B%22custom%22%3A+false%7D%2C+%22password%22%3A+%22%22%7D&amp;mode=play&amp;logo_url=http%3A%2F%2Fportal.iptvprivateserver.tv%2Fstalker_portal%2Fmisc%2Flogos%2F320%2F853.png&amp;sf_options=winID%3D10025%26_options_sf&quot;)</favourite>
	<favourite name="Regional Music" thumb="http://portal.iptvprivateserver.tv/stalker_portal/misc/logos/320/1800.png">PlayMedia(&quot;plugin://plugin.video.iptvtelpro/?tmp=1&amp;genre_name=%5B%27All%27%5D&amp;title=Regional+Music&amp;cmd=ffrt2+http%3A%2F%2Flocalhost%2Fch%2F4805&amp;portal=%7B%22name%22%3A+%22NFPS%22%2C+%22parental%22%3A+%22%22%2C+%22url%22%3A+%22http%3A%2F%2Fportal.iptvprivateserver.tv%22%2C+%22mac%22%3A+%2200%3A1A%3A78%3A12%3A34%3A79%22%2C+%22serial%22%3A+%7B%22custom%22%3A+false%7D%2C+%22password%22%3A+%22%22%7D&amp;mode=play&amp;logo_url=http%3A%2F%2Fportal.iptvprivateserver.tv%2Fstalker_portal%2Fmisc%2Flogos%2F320%2F1800.png&amp;sf_options=winID%3D10025%26_options_sf&quot;)</favourite>
	<favourite name="Cine Dinamita" thumb="http://portal.iptvprivateserver.tv/stalker_portal/misc/logos/320/873.png">PlayMedia(&quot;plugin://plugin.video.iptvtelpro/?tmp=1&amp;genre_name=%5B%27All%27%5D&amp;title=Cine+Dinamita&amp;cmd=ffrt2+http%3A%2F%2Flocalhost%2Fch%2F3465&amp;portal=%7B%22name%22%3A+%22NFPS%22%2C+%22parental%22%3A+%22%22%2C+%22url%22%3A+%22http%3A%2F%2Fportal.iptvprivateserver.tv%22%2C+%22mac%22%3A+%2200%3A1A%3A78%3A12%3A34%3A79%22%2C+%22serial%22%3A+%7B%22custom%22%3A+false%7D%2C+%22password%22%3A+%22%22%7D&amp;mode=play&amp;logo_url=http%3A%2F%2Fportal.iptvprivateserver.tv%2Fstalker_portal%2Fmisc%2Flogos%2F320%2F873.png&amp;sf_options=winID%3D10025%26_options_sf&quot;)</favourite>
	<favourite name="MultiPremier" thumb="http://portal.iptvprivateserver.tv/stalker_portal/misc/logos/320/293.png">PlayMedia(&quot;plugin://plugin.video.iptvtelpro/?tmp=1&amp;genre_name=%5B%27All%27%5D&amp;title=MultiPremier&amp;cmd=ffrt2+http%3A%2F%2Flocalhost%2Fch%2F3293&amp;portal=%7B%22name%22%3A+%22NFPS%22%2C+%22parental%22%3A+%22%22%2C+%22url%22%3A+%22http%3A%2F%2Fportal.iptvprivateserver.tv%22%2C+%22mac%22%3A+%2200%3A1A%3A78%3A12%3A34%3A79%22%2C+%22serial%22%3A+%7B%22custom%22%3A+false%7D%2C+%22password%22%3A+%22%22%7D&amp;mode=play&amp;logo_url=http%3A%2F%2Fportal.iptvprivateserver.tv%2Fstalker_portal%2Fmisc%2Flogos%2F320%2F293.png&amp;sf_options=winID%3D10025%26_options_sf&quot;)</favourite>
	<favourite name="CineLatino" thumb="http://portal.iptvprivateserver.tv/stalker_portal/misc/logos/320/221.png">PlayMedia(&quot;plugin://plugin.video.iptvtelpro/?tmp=1&amp;genre_name=%5B%27All%27%5D&amp;title=CineLatino&amp;cmd=ffrt2+http%3A%2F%2Flocalhost%2Fch%2F477&amp;portal=%7B%22name%22%3A+%22NFPS%22%2C+%22parental%22%3A+%22%22%2C+%22url%22%3A+%22http%3A%2F%2Fportal.iptvprivateserver.tv%22%2C+%22mac%22%3A+%2200%3A1A%3A78%3A12%3A34%3A79%22%2C+%22serial%22%3A+%7B%22custom%22%3A+false%7D%2C+%22password%22%3A+%22%22%7D&amp;mode=play&amp;logo_url=http%3A%2F%2Fportal.iptvprivateserver.tv%2Fstalker_portal%2Fmisc%2Flogos%2F320%2F221.png&amp;sf_options=winID%3D10025%26_options_sf&quot;)</favourite>
	<favourite name="Golden" thumb="http://portal.iptvprivateserver.tv/stalker_portal/misc/logos/320/36.png">PlayMedia(&quot;plugin://plugin.video.iptvtelpro/?tmp=0&amp;genre_name=%5B%27All%27%5D&amp;title=Golden&amp;cmd=ffrt2+http%3A%2F%2Flb.iptvserver.tv%3A8080%2Fredirect%2FLiveEdge%2FGoldenHD%2Fplaylist.m3u8&amp;portal=%7B%22name%22%3A+%22NFPS%22%2C+%22parental%22%3A+%22%22%2C+%22url%22%3A+%22http%3A%2F%2Fportal.iptvprivateserver.tv%22%2C+%22mac%22%3A+%2200%3A1A%3A78%3A12%3A34%3A79%22%2C+%22serial%22%3A+%7B%22custom%22%3A+false%7D%2C+%22password%22%3A+%22%22%7D&amp;mode=play&amp;logo_url=http%3A%2F%2Fportal.iptvprivateserver.tv%2Fstalker_portal%2Fmisc%2Flogos%2F320%2F36.png&amp;sf_options=winID%3D10025%26_options_sf&quot;)</favourite>
	<favourite name="Golden Edge" thumb="http://portal.iptvprivateserver.tv/stalker_portal/misc/logos/320/851.png">PlayMedia(&quot;plugin://plugin.video.iptvtelpro/?tmp=1&amp;genre_name=%5B%27All%27%5D&amp;title=Golden+Edge&amp;cmd=ffrt2+http%3A%2F%2Flocalhost%2Fch%2F1465&amp;portal=%7B%22name%22%3A+%22NFPS%22%2C+%22parental%22%3A+%22%22%2C+%22url%22%3A+%22http%3A%2F%2Fportal.iptvprivateserver.tv%22%2C+%22mac%22%3A+%2200%3A1A%3A78%3A12%3A34%3A79%22%2C+%22serial%22%3A+%7B%22custom%22%3A+false%7D%2C+%22password%22%3A+%22%22%7D&amp;mode=play&amp;logo_url=http%3A%2F%2Fportal.iptvprivateserver.tv%2Fstalker_portal%2Fmisc%2Flogos%2F320%2F851.png&amp;sf_options=winID%3D10025%26_options_sf&quot;)</favourite>
	<favourite name="Golden Multiplex" thumb="http://portal.iptvprivateserver.tv/stalker_portal/misc/logos/320/615.png">PlayMedia(&quot;plugin://plugin.video.iptvtelpro/?tmp=1&amp;genre_name=%5B%27All%27%5D&amp;title=Golden+Multiplex&amp;cmd=ffrt2+http%3A%2F%2Flocalhost%2Fch%2F1035&amp;portal=%7B%22name%22%3A+%22NFPS%22%2C+%22parental%22%3A+%22%22%2C+%22url%22%3A+%22http%3A%2F%2Fportal.iptvprivateserver.tv%22%2C+%22mac%22%3A+%2200%3A1A%3A78%3A12%3A34%3A79%22%2C+%22serial%22%3A+%7B%22custom%22%3A+false%7D%2C+%22password%22%3A+%22%22%7D&amp;mode=play&amp;logo_url=http%3A%2F%2Fportal.iptvprivateserver.tv%2Fstalker_portal%2Fmisc%2Flogos%2F320%2F615.png&amp;sf_options=winID%3D10025%26_options_sf&quot;)</favourite>
	<favourite name="Paramount Channel Latinoamerica" thumb="http://portal.iptvprivateserver.tv/stalker_portal/misc/logos/320/18.png">PlayMedia(&quot;plugin://plugin.video.iptvtelpro/?tmp=1&amp;genre_name=%5B%27All%27%5D&amp;title=Paramount+Channel+Latinoamerica&amp;cmd=ffrt2+http%3A%2F%2Flocalhost%2Fch%2F260&amp;portal=%7B%22name%22%3A+%22NFPS%22%2C+%22parental%22%3A+%22%22%2C+%22url%22%3A+%22http%3A%2F%2Fportal.iptvprivateserver.tv%22%2C+%22mac%22%3A+%2200%3A1A%3A78%3A12%3A34%3A79%22%2C+%22serial%22%3A+%7B%22custom%22%3A+false%7D%2C+%22password%22%3A+%22%22%7D&amp;mode=play&amp;logo_url=http%3A%2F%2Fportal.iptvprivateserver.tv%2Fstalker_portal%2Fmisc%2Flogos%2F320%2F18.png&amp;sf_options=winID%3D10025%26_options_sf&quot;)</favourite>
	<favourite name="TNT America Latina" thumb="http://portal.iptvprivateserver.tv/stalker_portal/misc/logos/320/37.png">PlayMedia(&quot;plugin://plugin.video.iptvtelpro/?tmp=1&amp;genre_name=%5B%27All%27%5D&amp;title=TNT+America+Latina&amp;cmd=ffrt2+http%3A%2F%2Flocalhost%2Fch%2F262&amp;portal=%7B%22name%22%3A+%22NFPS%22%2C+%22parental%22%3A+%22%22%2C+%22url%22%3A+%22http%3A%2F%2Fportal.iptvprivateserver.tv%22%2C+%22mac%22%3A+%2200%3A1A%3A78%3A12%3A34%3A79%22%2C+%22serial%22%3A+%7B%22custom%22%3A+false%7D%2C+%22password%22%3A+%22%22%7D&amp;mode=play&amp;logo_url=http%3A%2F%2Fportal.iptvprivateserver.tv%2Fstalker_portal%2Fmisc%2Flogos%2F320%2F37.png&amp;sf_options=winID%3D10025%26_options_sf&quot;)</favourite>
	<favourite name="CineCanal" thumb="http://portal.iptvprivateserver.tv/stalker_portal/misc/logos/320/841.png">PlayMedia(&quot;plugin://plugin.video.iptvtelpro/?tmp=1&amp;genre_name=%5B%27All%27%5D&amp;title=CineCanal&amp;cmd=ffrt2+http%3A%2F%2Flocalhost%2Fch%2F2495&amp;portal=%7B%22name%22%3A+%22NFPS%22%2C+%22parental%22%3A+%22%22%2C+%22url%22%3A+%22http%3A%2F%2Fportal.iptvprivateserver.tv%22%2C+%22mac%22%3A+%2200%3A1A%3A78%3A12%3A34%3A79%22%2C+%22serial%22%3A+%7B%22custom%22%3A+false%7D%2C+%22password%22%3A+%22%22%7D&amp;mode=play&amp;logo_url=http%3A%2F%2Fportal.iptvprivateserver.tv%2Fstalker_portal%2Fmisc%2Flogos%2F320%2F841.png&amp;sf_options=winID%3D10025%26_options_sf&quot;)</favourite>
	<favourite name="Sundance Channel Latinoamerica" thumb="http://portal.iptvprivateserver.tv/stalker_portal/misc/logos/320/621.png">PlayMedia(&quot;plugin://plugin.video.iptvtelpro/?tmp=1&amp;genre_name=%5B%27All%27%5D&amp;title=Sundance+Channel+Latinoamerica&amp;cmd=ffrt2+http%3A%2F%2Flocalhost%2Fch%2F1041&amp;portal=%7B%22name%22%3A+%22NFPS%22%2C+%22parental%22%3A+%22%22%2C+%22url%22%3A+%22http%3A%2F%2Fportal.iptvprivateserver.tv%22%2C+%22mac%22%3A+%2200%3A1A%3A78%3A12%3A34%3A79%22%2C+%22serial%22%3A+%7B%22custom%22%3A+false%7D%2C+%22password%22%3A+%22%22%7D&amp;mode=play&amp;logo_url=http%3A%2F%2Fportal.iptvprivateserver.tv%2Fstalker_portal%2Fmisc%2Flogos%2F320%2F621.png&amp;sf_options=winID%3D10025%26_options_sf&quot;)</favourite>
	<favourite name="Cinemax Latinoamerica" thumb="http://portal.iptvprivateserver.tv/stalker_portal/misc/logos/320/165.png">PlayMedia(&quot;plugin://plugin.video.iptvtelpro/?tmp=1&amp;genre_name=%5B%27All%27%5D&amp;title=Cinemax+Latinoamerica&amp;cmd=ffrt2+http%3A%2F%2Flocalhost%2Fch%2F343&amp;portal=%7B%22name%22%3A+%22NFPS%22%2C+%22parental%22%3A+%22%22%2C+%22url%22%3A+%22http%3A%2F%2Fportal.iptvprivateserver.tv%22%2C+%22mac%22%3A+%2200%3A1A%3A78%3A12%3A34%3A79%22%2C+%22serial%22%3A+%7B%22custom%22%3A+false%7D%2C+%22password%22%3A+%22%22%7D&amp;mode=play&amp;logo_url=http%3A%2F%2Fportal.iptvprivateserver.tv%2Fstalker_portal%2Fmisc%2Flogos%2F320%2F165.png&amp;sf_options=winID%3D10025%26_options_sf&quot;)</favourite>
	<favourite name="SPACE" thumb="http://portal.iptvprivateserver.tv/stalker_portal/misc/logos/320/835.png">PlayMedia(&quot;plugin://plugin.video.iptvtelpro/?tmp=1&amp;genre_name=%5B%27All%27%5D&amp;title=SPACE&amp;cmd=ffrt2+http%3A%2F%2Flocalhost%2Fch%2F2489&amp;portal=%7B%22name%22%3A+%22NFPS%22%2C+%22parental%22%3A+%22%22%2C+%22url%22%3A+%22http%3A%2F%2Fportal.iptvprivateserver.tv%22%2C+%22mac%22%3A+%2200%3A1A%3A78%3A12%3A34%3A79%22%2C+%22serial%22%3A+%7B%22custom%22%3A+false%7D%2C+%22password%22%3A+%22%22%7D&amp;mode=play&amp;logo_url=http%3A%2F%2Fportal.iptvprivateserver.tv%2Fstalker_portal%2Fmisc%2Flogos%2F320%2F835.png&amp;sf_options=winID%3D10025%26_options_sf&quot;)</favourite>
	<favourite name="AMC" thumb="http://portal.iptvprivateserver.tv/stalker_portal/misc/logos/320/229.png">PlayMedia(&quot;plugin://plugin.video.iptvtelpro/?tmp=1&amp;genre_name=%5B%27All%27%5D&amp;title=AMC&amp;cmd=ffrt2+http%3A%2F%2Flocalhost%2Fch%2F485&amp;portal=%7B%22name%22%3A+%22NFPS%22%2C+%22parental%22%3A+%22%22%2C+%22url%22%3A+%22http%3A%2F%2Fportal.iptvprivateserver.tv%22%2C+%22mac%22%3A+%2200%3A1A%3A78%3A12%3A34%3A79%22%2C+%22serial%22%3A+%7B%22custom%22%3A+false%7D%2C+%22password%22%3A+%22%22%7D&amp;mode=play&amp;logo_url=http%3A%2F%2Fportal.iptvprivateserver.tv%2Fstalker_portal%2Fmisc%2Flogos%2F320%2F229.png&amp;sf_options=winID%3D10025%26_options_sf&quot;)</favourite>
	<favourite name="Studio Universal" thumb="http://portal.iptvprivateserver.tv/stalker_portal/misc/logos/320/167.png">PlayMedia(&quot;plugin://plugin.video.iptvtelpro/?tmp=1&amp;genre_name=%5B%27All%27%5D&amp;title=Studio+Universal&amp;cmd=ffrt2+http%3A%2F%2Flocalhost%2Fch%2F345&amp;portal=%7B%22name%22%3A+%22NFPS%22%2C+%22parental%22%3A+%22%22%2C+%22url%22%3A+%22http%3A%2F%2Fportal.iptvprivateserver.tv%22%2C+%22mac%22%3A+%2200%3A1A%3A78%3A12%3A34%3A79%22%2C+%22serial%22%3A+%7B%22custom%22%3A+false%7D%2C+%22password%22%3A+%22%22%7D&amp;mode=play&amp;logo_url=http%3A%2F%2Fportal.iptvprivateserver.tv%2Fstalker_portal%2Fmisc%2Flogos%2F320%2F167.png&amp;sf_options=winID%3D10025%26_options_sf&quot;)</favourite>
	<favourite name="TCM America Latina" thumb="http://portal.iptvprivateserver.tv/stalker_portal/misc/logos/320/225.png">PlayMedia(&quot;plugin://plugin.video.iptvtelpro/?tmp=1&amp;genre_name=%5B%27All%27%5D&amp;title=TCM+America+Latina&amp;cmd=ffrt2+http%3A%2F%2Flocalhost%2Fch%2F481&amp;portal=%7B%22name%22%3A+%22NFPS%22%2C+%22parental%22%3A+%22%22%2C+%22url%22%3A+%22http%3A%2F%2Fportal.iptvprivateserver.tv%22%2C+%22mac%22%3A+%2200%3A1A%3A78%3A12%3A34%3A79%22%2C+%22serial%22%3A+%7B%22custom%22%3A+false%7D%2C+%22password%22%3A+%22%22%7D&amp;mode=play&amp;logo_url=http%3A%2F%2Fportal.iptvprivateserver.tv%2Fstalker_portal%2Fmisc%2Flogos%2F320%2F225.png&amp;sf_options=winID%3D10025%26_options_sf&quot;)</favourite>
	<favourite name="I-Sat" thumb="http://portal.iptvprivateserver.tv/stalker_portal/misc/logos/320/947.png">PlayMedia(&quot;plugin://plugin.video.iptvtelpro/?tmp=1&amp;genre_name=%5B%27All%27%5D&amp;title=I-Sat&amp;cmd=ffrt2+http%3A%2F%2Flocalhost%2Fch%2F1703&amp;portal=%7B%22name%22%3A+%22NFPS%22%2C+%22parental%22%3A+%22%22%2C+%22url%22%3A+%22http%3A%2F%2Fportal.iptvprivateserver.tv%22%2C+%22mac%22%3A+%2200%3A1A%3A78%3A12%3A34%3A79%22%2C+%22serial%22%3A+%7B%22custom%22%3A+false%7D%2C+%22password%22%3A+%22%22%7D&amp;mode=play&amp;logo_url=http%3A%2F%2Fportal.iptvprivateserver.tv%2Fstalker_portal%2Fmisc%2Flogos%2F320%2F947.png&amp;sf_options=winID%3D10025%26_options_sf&quot;)</favourite>
	<favourite name="Europa Europa" thumb="http://portal.iptvprivateserver.tv/stalker_portal/misc/logos/320/941.png">PlayMedia(&quot;plugin://plugin.video.iptvtelpro/?tmp=1&amp;genre_name=%5B%27All%27%5D&amp;title=Europa+Europa&amp;cmd=ffrt2+http%3A%2F%2Flocalhost%2Fch%2F1597&amp;portal=%7B%22name%22%3A+%22NFPS%22%2C+%22parental%22%3A+%22%22%2C+%22url%22%3A+%22http%3A%2F%2Fportal.iptvprivateserver.tv%22%2C+%22mac%22%3A+%2200%3A1A%3A78%3A12%3A34%3A79%22%2C+%22serial%22%3A+%7B%22custom%22%3A+false%7D%2C+%22password%22%3A+%22%22%7D&amp;mode=play&amp;logo_url=http%3A%2F%2Fportal.iptvprivateserver.tv%2Fstalker_portal%2Fmisc%2Flogos%2F320%2F941.png&amp;sf_options=winID%3D10025%26_options_sf&quot;)</favourite>
	<favourite name="Film &amp; Arts Latinoamerica" thumb="http://portal.iptvprivateserver.tv/stalker_portal/misc/logos/320/943.png">PlayMedia(&quot;plugin://plugin.video.iptvtelpro/?tmp=1&amp;genre_name=%5B%27All%27%5D&amp;title=Film+%26+Arts+Latinoamerica&amp;cmd=ffrt2+http%3A%2F%2Flocalhost%2Fch%2F1599&amp;portal=%7B%22name%22%3A+%22NFPS%22%2C+%22parental%22%3A+%22%22%2C+%22url%22%3A+%22http%3A%2F%2Fportal.iptvprivateserver.tv%22%2C+%22mac%22%3A+%2200%3A1A%3A78%3A12%3A34%3A79%22%2C+%22serial%22%3A+%7B%22custom%22%3A+false%7D%2C+%22password%22%3A+%22%22%7D&amp;mode=play&amp;logo_url=http%3A%2F%2Fportal.iptvprivateserver.tv%2Fstalker_portal%2Fmisc%2Flogos%2F320%2F943.png&amp;sf_options=winID%3D10025%26_options_sf&quot;)</favourite>
	<favourite name="Film Zone" thumb="http://portal.iptvprivateserver.tv/stalker_portal/misc/logos/320/169.png">PlayMedia(&quot;plugin://plugin.video.iptvtelpro/?tmp=1&amp;genre_name=%5B%27All%27%5D&amp;title=Film+Zone&amp;cmd=ffrt2+http%3A%2F%2Flocalhost%2Fch%2F1055&amp;portal=%7B%22name%22%3A+%22NFPS%22%2C+%22parental%22%3A+%22%22%2C+%22url%22%3A+%22http%3A%2F%2Fportal.iptvprivateserver.tv%22%2C+%22mac%22%3A+%2200%3A1A%3A78%3A12%3A34%3A79%22%2C+%22serial%22%3A+%7B%22custom%22%3A+false%7D%2C+%22password%22%3A+%22%22%7D&amp;mode=play&amp;logo_url=http%3A%2F%2Fportal.iptvprivateserver.tv%2Fstalker_portal%2Fmisc%2Flogos%2F320%2F169.png&amp;sf_options=winID%3D10025%26_options_sf&quot;)</favourite>
	<favourite name="Fox 1 Este" thumb="http://portal.iptvprivateserver.tv/stalker_portal/misc/logos/320/171.png">PlayMedia(&quot;plugin://plugin.video.iptvtelpro/?tmp=1&amp;genre_name=%5B%27All%27%5D&amp;title=Fox+1+Este&amp;cmd=ffrt2+http%3A%2F%2Flocalhost%2Fch%2F433&amp;portal=%7B%22name%22%3A+%22NFPS%22%2C+%22parental%22%3A+%22%22%2C+%22url%22%3A+%22http%3A%2F%2Fportal.iptvprivateserver.tv%22%2C+%22mac%22%3A+%2200%3A1A%3A78%3A12%3A34%3A79%22%2C+%22serial%22%3A+%7B%22custom%22%3A+false%7D%2C+%22password%22%3A+%22%22%7D&amp;mode=play&amp;logo_url=http%3A%2F%2Fportal.iptvprivateserver.tv%2Fstalker_portal%2Fmisc%2Flogos%2F320%2F171.png&amp;sf_options=winID%3D10025%26_options_sf&quot;)</favourite>
	<favourite name="Fox 1 Oeste" thumb="http://portal.iptvprivateserver.tv/stalker_portal/misc/logos/320/211.png">PlayMedia(&quot;plugin://plugin.video.iptvtelpro/?tmp=1&amp;genre_name=%5B%27All%27%5D&amp;title=Fox+1+Oeste&amp;cmd=ffrt2+http%3A%2F%2Flocalhost%2Fch%2F439&amp;portal=%7B%22name%22%3A+%22NFPS%22%2C+%22parental%22%3A+%22%22%2C+%22url%22%3A+%22http%3A%2F%2Fportal.iptvprivateserver.tv%22%2C+%22mac%22%3A+%2200%3A1A%3A78%3A12%3A34%3A79%22%2C+%22serial%22%3A+%7B%22custom%22%3A+false%7D%2C+%22password%22%3A+%22%22%7D&amp;mode=play&amp;logo_url=http%3A%2F%2Fportal.iptvprivateserver.tv%2Fstalker_portal%2Fmisc%2Flogos%2F320%2F211.png&amp;sf_options=winID%3D10025%26_options_sf&quot;)</favourite>
	<favourite name="Fox Family" thumb="http://portal.iptvprivateserver.tv/stalker_portal/misc/logos/320/173.png">PlayMedia(&quot;plugin://plugin.video.iptvtelpro/?tmp=1&amp;genre_name=%5B%27All%27%5D&amp;title=Fox+Family&amp;cmd=ffrt2+http%3A%2F%2Flocalhost%2Fch%2F467&amp;portal=%7B%22name%22%3A+%22NFPS%22%2C+%22parental%22%3A+%22%22%2C+%22url%22%3A+%22http%3A%2F%2Fportal.iptvprivateserver.tv%22%2C+%22mac%22%3A+%2200%3A1A%3A78%3A12%3A34%3A79%22%2C+%22serial%22%3A+%7B%22custom%22%3A+false%7D%2C+%22password%22%3A+%22%22%7D&amp;mode=play&amp;logo_url=http%3A%2F%2Fportal.iptvprivateserver.tv%2Fstalker_portal%2Fmisc%2Flogos%2F320%2F173.png&amp;sf_options=winID%3D10025%26_options_sf&quot;)</favourite>
	<favourite name="Fox Comedy" thumb="http://portal.iptvprivateserver.tv/stalker_portal/misc/logos/320/175.png">PlayMedia(&quot;plugin://plugin.video.iptvtelpro/?tmp=1&amp;genre_name=%5B%27All%27%5D&amp;title=Fox+Comedy&amp;cmd=ffrt2+http%3A%2F%2Flocalhost%2Fch%2F461&amp;portal=%7B%22name%22%3A+%22NFPS%22%2C+%22parental%22%3A+%22%22%2C+%22url%22%3A+%22http%3A%2F%2Fportal.iptvprivateserver.tv%22%2C+%22mac%22%3A+%2200%3A1A%3A78%3A12%3A34%3A79%22%2C+%22serial%22%3A+%7B%22custom%22%3A+false%7D%2C+%22password%22%3A+%22%22%7D&amp;mode=play&amp;logo_url=http%3A%2F%2Fportal.iptvprivateserver.tv%2Fstalker_portal%2Fmisc%2Flogos%2F320%2F175.png&amp;sf_options=winID%3D10025%26_options_sf&quot;)</favourite>
	<favourite name="Fox Cinema" thumb="http://portal.iptvprivateserver.tv/stalker_portal/misc/logos/320/177.png">PlayMedia(&quot;plugin://plugin.video.iptvtelpro/?tmp=1&amp;genre_name=%5B%27All%27%5D&amp;title=Fox+Cinema&amp;cmd=ffrt2+http%3A%2F%2Flocalhost%2Fch%2F457&amp;portal=%7B%22name%22%3A+%22NFPS%22%2C+%22parental%22%3A+%22%22%2C+%22url%22%3A+%22http%3A%2F%2Fportal.iptvprivateserver.tv%22%2C+%22mac%22%3A+%2200%3A1A%3A78%3A12%3A34%3A79%22%2C+%22serial%22%3A+%7B%22custom%22%3A+false%7D%2C+%22password%22%3A+%22%22%7D&amp;mode=play&amp;logo_url=http%3A%2F%2Fportal.iptvprivateserver.tv%2Fstalker_portal%2Fmisc%2Flogos%2F320%2F177.png&amp;sf_options=winID%3D10025%26_options_sf&quot;)</favourite>
	<favourite name="Fox Action Este" thumb="http://portal.iptvprivateserver.tv/stalker_portal/misc/logos/320/179.png">PlayMedia(&quot;plugin://plugin.video.iptvtelpro/?tmp=1&amp;genre_name=%5B%27All%27%5D&amp;title=Fox+Action+Este&amp;cmd=ffrt2+http%3A%2F%2Flocalhost%2Fch%2F435&amp;portal=%7B%22name%22%3A+%22NFPS%22%2C+%22parental%22%3A+%22%22%2C+%22url%22%3A+%22http%3A%2F%2Fportal.iptvprivateserver.tv%22%2C+%22mac%22%3A+%2200%3A1A%3A78%3A12%3A34%3A79%22%2C+%22serial%22%3A+%7B%22custom%22%3A+false%7D%2C+%22password%22%3A+%22%22%7D&amp;mode=play&amp;logo_url=http%3A%2F%2Fportal.iptvprivateserver.tv%2Fstalker_portal%2Fmisc%2Flogos%2F320%2F179.png&amp;sf_options=winID%3D10025%26_options_sf&quot;)</favourite>
	<favourite name="Fox Action Oeste" thumb="http://portal.iptvprivateserver.tv/stalker_portal/misc/logos/320/181.png">PlayMedia(&quot;plugin://plugin.video.iptvtelpro/?tmp=1&amp;genre_name=%5B%27All%27%5D&amp;title=Fox+Action+Oeste&amp;cmd=ffrt2+http%3A%2F%2Flocalhost%2Fch%2F437&amp;portal=%7B%22name%22%3A+%22NFPS%22%2C+%22parental%22%3A+%22%22%2C+%22url%22%3A+%22http%3A%2F%2Fportal.iptvprivateserver.tv%22%2C+%22mac%22%3A+%2200%3A1A%3A78%3A12%3A34%3A79%22%2C+%22serial%22%3A+%7B%22custom%22%3A+false%7D%2C+%22password%22%3A+%22%22%7D&amp;mode=play&amp;logo_url=http%3A%2F%2Fportal.iptvprivateserver.tv%2Fstalker_portal%2Fmisc%2Flogos%2F320%2F181.png&amp;sf_options=winID%3D10025%26_options_sf&quot;)</favourite>
	<favourite name="Fox Movies Latinoamerica" thumb="http://portal.iptvprivateserver.tv/stalker_portal/misc/logos/320/183.png">PlayMedia(&quot;plugin://plugin.video.iptvtelpro/?tmp=1&amp;genre_name=%5B%27All%27%5D&amp;title=Fox+Movies+Latinoamerica&amp;cmd=ffrt2+http%3A%2F%2Flocalhost%2Fch%2F463&amp;portal=%7B%22name%22%3A+%22NFPS%22%2C+%22parental%22%3A+%22%22%2C+%22url%22%3A+%22http%3A%2F%2Fportal.iptvprivateserver.tv%22%2C+%22mac%22%3A+%2200%3A1A%3A78%3A12%3A34%3A79%22%2C+%22serial%22%3A+%7B%22custom%22%3A+false%7D%2C+%22password%22%3A+%22%22%7D&amp;mode=play&amp;logo_url=http%3A%2F%2Fportal.iptvprivateserver.tv%2Fstalker_portal%2Fmisc%2Flogos%2F320%2F183.png&amp;sf_options=winID%3D10025%26_options_sf&quot;)</favourite>
	<favourite name="Fox Classics Latinoamerica" thumb="http://portal.iptvprivateserver.tv/stalker_portal/misc/logos/320/185.png">PlayMedia(&quot;plugin://plugin.video.iptvtelpro/?tmp=1&amp;genre_name=%5B%27All%27%5D&amp;title=Fox+Classics+Latinoamerica&amp;cmd=ffrt2+http%3A%2F%2Flocalhost%2Fch%2F465&amp;portal=%7B%22name%22%3A+%22NFPS%22%2C+%22parental%22%3A+%22%22%2C+%22url%22%3A+%22http%3A%2F%2Fportal.iptvprivateserver.tv%22%2C+%22mac%22%3A+%2200%3A1A%3A78%3A12%3A34%3A79%22%2C+%22serial%22%3A+%7B%22custom%22%3A+false%7D%2C+%22password%22%3A+%22%22%7D&amp;mode=play&amp;logo_url=http%3A%2F%2Fportal.iptvprivateserver.tv%2Fstalker_portal%2Fmisc%2Flogos%2F320%2F185.png&amp;sf_options=winID%3D10025%26_options_sf&quot;)</favourite>
	<favourite name="HBO Latinoamerica" thumb="http://portal.iptvprivateserver.tv/stalker_portal/misc/logos/320/207.png">PlayMedia(&quot;plugin://plugin.video.iptvtelpro/?tmp=1&amp;genre_name=%5B%27All%27%5D&amp;title=HBO+Latinoamerica&amp;cmd=ffrt2+http%3A%2F%2Flocalhost%2Fch%2F385&amp;portal=%7B%22name%22%3A+%22NFPS%22%2C+%22parental%22%3A+%22%22%2C+%22url%22%3A+%22http%3A%2F%2Fportal.iptvprivateserver.tv%22%2C+%22mac%22%3A+%2200%3A1A%3A78%3A12%3A34%3A79%22%2C+%22serial%22%3A+%7B%22custom%22%3A+false%7D%2C+%22password%22%3A+%22%22%7D&amp;mode=play&amp;logo_url=http%3A%2F%2Fportal.iptvprivateserver.tv%2Fstalker_portal%2Fmisc%2Flogos%2F320%2F207.png&amp;sf_options=winID%3D10025%26_options_sf&quot;)</favourite>
	<favourite name="HBO 2 Latinoamerica" thumb="http://portal.iptvprivateserver.tv/stalker_portal/misc/logos/320/187.png">PlayMedia(&quot;plugin://plugin.video.iptvtelpro/?tmp=1&amp;genre_name=%5B%27All%27%5D&amp;title=HBO+2+Latinoamerica&amp;cmd=ffrt2+http%3A%2F%2Flocalhost%2Fch%2F365&amp;portal=%7B%22name%22%3A+%22NFPS%22%2C+%22parental%22%3A+%22%22%2C+%22url%22%3A+%22http%3A%2F%2Fportal.iptvprivateserver.tv%22%2C+%22mac%22%3A+%2200%3A1A%3A78%3A12%3A34%3A79%22%2C+%22serial%22%3A+%7B%22custom%22%3A+false%7D%2C+%22password%22%3A+%22%22%7D&amp;mode=play&amp;logo_url=http%3A%2F%2Fportal.iptvprivateserver.tv%2Fstalker_portal%2Fmisc%2Flogos%2F320%2F187.png&amp;sf_options=winID%3D10025%26_options_sf&quot;)</favourite>
	<favourite name="HBO Plus Este" thumb="http://portal.iptvprivateserver.tv/stalker_portal/misc/logos/320/189.png">PlayMedia(&quot;plugin://plugin.video.iptvtelpro/?tmp=1&amp;genre_name=%5B%27All%27%5D&amp;title=HBO+Plus+Este&amp;cmd=ffrt2+http%3A%2F%2Flocalhost%2Fch%2F453&amp;portal=%7B%22name%22%3A+%22NFPS%22%2C+%22parental%22%3A+%22%22%2C+%22url%22%3A+%22http%3A%2F%2Fportal.iptvprivateserver.tv%22%2C+%22mac%22%3A+%2200%3A1A%3A78%3A12%3A34%3A79%22%2C+%22serial%22%3A+%7B%22custom%22%3A+false%7D%2C+%22password%22%3A+%22%22%7D&amp;mode=play&amp;logo_url=http%3A%2F%2Fportal.iptvprivateserver.tv%2Fstalker_portal%2Fmisc%2Flogos%2F320%2F189.png&amp;sf_options=winID%3D10025%26_options_sf&quot;)</favourite>
	<favourite name="HBO Plus Oeste" thumb="http://portal.iptvprivateserver.tv/stalker_portal/misc/logos/320/191.png">PlayMedia(&quot;plugin://plugin.video.iptvtelpro/?tmp=1&amp;genre_name=%5B%27All%27%5D&amp;title=HBO+Plus+Oeste&amp;cmd=ffrt2+http%3A%2F%2Flocalhost%2Fch%2F369&amp;portal=%7B%22name%22%3A+%22NFPS%22%2C+%22parental%22%3A+%22%22%2C+%22url%22%3A+%22http%3A%2F%2Fportal.iptvprivateserver.tv%22%2C+%22mac%22%3A+%2200%3A1A%3A78%3A12%3A34%3A79%22%2C+%22serial%22%3A+%7B%22custom%22%3A+false%7D%2C+%22password%22%3A+%22%22%7D&amp;mode=play&amp;logo_url=http%3A%2F%2Fportal.iptvprivateserver.tv%2Fstalker_portal%2Fmisc%2Flogos%2F320%2F191.png&amp;sf_options=winID%3D10025%26_options_sf&quot;)</favourite>
	<favourite name="HBO Family Latinoamerica" thumb="http://portal.iptvprivateserver.tv/stalker_portal/misc/logos/320/193.png">PlayMedia(&quot;plugin://plugin.video.iptvtelpro/?tmp=1&amp;genre_name=%5B%27All%27%5D&amp;title=HBO+Family+Latinoamerica&amp;cmd=ffrt2+http%3A%2F%2Flocalhost%2Fch%2F449&amp;portal=%7B%22name%22%3A+%22NFPS%22%2C+%22parental%22%3A+%22%22%2C+%22url%22%3A+%22http%3A%2F%2Fportal.iptvprivateserver.tv%22%2C+%22mac%22%3A+%2200%3A1A%3A78%3A12%3A34%3A79%22%2C+%22serial%22%3A+%7B%22custom%22%3A+false%7D%2C+%22password%22%3A+%22%22%7D&amp;mode=play&amp;logo_url=http%3A%2F%2Fportal.iptvprivateserver.tv%2Fstalker_portal%2Fmisc%2Flogos%2F320%2F193.png&amp;sf_options=winID%3D10025%26_options_sf&quot;)</favourite>
	<favourite name="HBO Signature Latinoamerica" thumb="http://portal.iptvprivateserver.tv/stalker_portal/misc/logos/320/195.png">PlayMedia(&quot;plugin://plugin.video.iptvtelpro/?tmp=1&amp;genre_name=%5B%27All%27%5D&amp;title=HBO+Signature+Latinoamerica&amp;cmd=ffrt2+http%3A%2F%2Flocalhost%2Fch%2F451&amp;portal=%7B%22name%22%3A+%22NFPS%22%2C+%22parental%22%3A+%22%22%2C+%22url%22%3A+%22http%3A%2F%2Fportal.iptvprivateserver.tv%22%2C+%22mac%22%3A+%2200%3A1A%3A78%3A12%3A34%3A79%22%2C+%22serial%22%3A+%7B%22custom%22%3A+false%7D%2C+%22password%22%3A+%22%22%7D&amp;mode=play&amp;logo_url=http%3A%2F%2Fportal.iptvprivateserver.tv%2Fstalker_portal%2Fmisc%2Flogos%2F320%2F195.png&amp;sf_options=winID%3D10025%26_options_sf&quot;)</favourite>
	<favourite name="Max UP Latinoamerica" thumb="http://portal.iptvprivateserver.tv/stalker_portal/misc/logos/320/197.png">PlayMedia(&quot;plugin://plugin.video.iptvtelpro/?tmp=1&amp;genre_name=%5B%27All%27%5D&amp;title=Max+UP+Latinoamerica&amp;cmd=ffrt2+http%3A%2F%2Flocalhost%2Fch%2F469&amp;portal=%7B%22name%22%3A+%22NFPS%22%2C+%22parental%22%3A+%22%22%2C+%22url%22%3A+%22http%3A%2F%2Fportal.iptvprivateserver.tv%22%2C+%22mac%22%3A+%2200%3A1A%3A78%3A12%3A34%3A79%22%2C+%22serial%22%3A+%7B%22custom%22%3A+false%7D%2C+%22password%22%3A+%22%22%7D&amp;mode=play&amp;logo_url=http%3A%2F%2Fportal.iptvprivateserver.tv%2Fstalker_portal%2Fmisc%2Flogos%2F320%2F197.png&amp;sf_options=winID%3D10025%26_options_sf&quot;)</favourite>
	<favourite name="Max Prime Este" thumb="http://portal.iptvprivateserver.tv/stalker_portal/misc/logos/320/199.png">PlayMedia(&quot;plugin://plugin.video.iptvtelpro/?tmp=1&amp;genre_name=%5B%27All%27%5D&amp;title=Max+Prime+Este&amp;cmd=ffrt2+http%3A%2F%2Flocalhost%2Fch%2F377&amp;portal=%7B%22name%22%3A+%22NFPS%22%2C+%22parental%22%3A+%22%22%2C+%22url%22%3A+%22http%3A%2F%2Fportal.iptvprivateserver.tv%22%2C+%22mac%22%3A+%2200%3A1A%3A78%3A12%3A34%3A79%22%2C+%22serial%22%3A+%7B%22custom%22%3A+false%7D%2C+%22password%22%3A+%22%22%7D&amp;mode=play&amp;logo_url=http%3A%2F%2Fportal.iptvprivateserver.tv%2Fstalker_portal%2Fmisc%2Flogos%2F320%2F199.png&amp;sf_options=winID%3D10025%26_options_sf&quot;)</favourite>
	<favourite name="Max Prime Oeste" thumb="http://portal.iptvprivateserver.tv/stalker_portal/misc/logos/320/201.png">PlayMedia(&quot;plugin://plugin.video.iptvtelpro/?tmp=1&amp;genre_name=%5B%27All%27%5D&amp;title=Max+Prime+Oeste&amp;cmd=ffrt2+http%3A%2F%2Flocalhost%2Fch%2F379&amp;portal=%7B%22name%22%3A+%22NFPS%22%2C+%22parental%22%3A+%22%22%2C+%22url%22%3A+%22http%3A%2F%2Fportal.iptvprivateserver.tv%22%2C+%22mac%22%3A+%2200%3A1A%3A78%3A12%3A34%3A79%22%2C+%22serial%22%3A+%7B%22custom%22%3A+false%7D%2C+%22password%22%3A+%22%22%7D&amp;mode=play&amp;logo_url=http%3A%2F%2Fportal.iptvprivateserver.tv%2Fstalker_portal%2Fmisc%2Flogos%2F320%2F201.png&amp;sf_options=winID%3D10025%26_options_sf&quot;)</favourite>
	<favourite name="MAX" thumb="http://portal.iptvprivateserver.tv/stalker_portal/misc/logos/320/203.png">PlayMedia(&quot;plugin://plugin.video.iptvtelpro/?tmp=1&amp;genre_name=%5B%27All%27%5D&amp;title=MAX&amp;cmd=ffrt2+http%3A%2F%2Flocalhost%2Fch%2F381&amp;portal=%7B%22name%22%3A+%22NFPS%22%2C+%22parental%22%3A+%22%22%2C+%22url%22%3A+%22http%3A%2F%2Fportal.iptvprivateserver.tv%22%2C+%22mac%22%3A+%2200%3A1A%3A78%3A12%3A34%3A79%22%2C+%22serial%22%3A+%7B%22custom%22%3A+false%7D%2C+%22password%22%3A+%22%22%7D&amp;mode=play&amp;logo_url=http%3A%2F%2Fportal.iptvprivateserver.tv%2Fstalker_portal%2Fmisc%2Flogos%2F320%2F203.png&amp;sf_options=winID%3D10025%26_options_sf&quot;)</favourite>
	<favourite name="Golden Premier 1" thumb="http://portal.iptvprivateserver.tv/stalker_portal/misc/logos/320/1787.png">PlayMedia(&quot;plugin://plugin.video.iptvtelpro/?tmp=1&amp;genre_name=%5B%27All%27%5D&amp;title=Golden+Premier+1&amp;cmd=ffrt2+http%3A%2F%2Flocalhost%2Fch%2F4777&amp;portal=%7B%22name%22%3A+%22NFPS%22%2C+%22parental%22%3A+%22%22%2C+%22url%22%3A+%22http%3A%2F%2Fportal.iptvprivateserver.tv%22%2C+%22mac%22%3A+%2200%3A1A%3A78%3A12%3A34%3A79%22%2C+%22serial%22%3A+%7B%22custom%22%3A+false%7D%2C+%22password%22%3A+%22%22%7D&amp;mode=play&amp;logo_url=http%3A%2F%2Fportal.iptvprivateserver.tv%2Fstalker_portal%2Fmisc%2Flogos%2F320%2F1787.png&amp;sf_options=winID%3D10025%26_options_sf&quot;)</favourite>
	<favourite name="Golden Premier 2" thumb="http://portal.iptvprivateserver.tv/stalker_portal/misc/logos/320/1782.png">PlayMedia(&quot;plugin://plugin.video.iptvtelpro/?tmp=1&amp;genre_name=%5B%27All%27%5D&amp;title=Golden+Premier+2&amp;cmd=ffrt2+http%3A%2F%2Flocalhost%2Fch%2F4772&amp;portal=%7B%22name%22%3A+%22NFPS%22%2C+%22parental%22%3A+%22%22%2C+%22url%22%3A+%22http%3A%2F%2Fportal.iptvprivateserver.tv%22%2C+%22mac%22%3A+%2200%3A1A%3A78%3A12%3A34%3A79%22%2C+%22serial%22%3A+%7B%22custom%22%3A+false%7D%2C+%22password%22%3A+%22%22%7D&amp;mode=play&amp;logo_url=http%3A%2F%2Fportal.iptvprivateserver.tv%2Fstalker_portal%2Fmisc%2Flogos%2F320%2F1782.png&amp;sf_options=winID%3D10025%26_options_sf&quot;)</favourite>
</favourites>